Vãi l?n 	
Vui quá vui gê =)))	
M?t cu?i ghê??	
xinh cl j	
cu?i mu?n g?c nu?c m?t ch? oii	
Chào c	
Nóng vchg mn ?. Nghe nói t?i nay có mua to :))	
Ui ui ki?u b?t ng? cmnr 	
Mac c?i ??	
Xinh gái th? ch? =))	
Cu?i vì lí do j??? 	
Nay m?t ch? sao sung d? d? ch? :))	
Cu?i mà ni?n 1 bên luôn nè 	
Nhu cái l?n	
có d?c cmt k e. sao th? o v	
Bán 500 ngàn d?ng qu? di ch? oi :)	
Lo?i mày ch? di làm phò thôi	
Ch? dáng yêu	
Ð?C TÊN EM ÐI CH?	
L?n hon ngu?i ta 2 tu?i tu?ng mình b? l?m kêu c?u bé cc	
Cu?i 	
Heloo ch?	
má cái tay c b?m dt cung ghét n?a, ch? th? cung ghét n?a ??	
Vee Th? Trang Trang PT Minh H?nh Linh Luu hahaha x3.14 	
????????????????????????????????????????????????????????????????????????????????????????????????????????????????????????????????????????????????????????????????????????????????????????????????????????????????????????????????????????????????????????????????????????????????????????????????????????????????????????????????????????????????????????????????????????????????????????????????????????????????????????????????????????????????????????????????????????????????????????????????????????????????????????????????????????????????????????????????????????????????????????????????????????????????????????????????????????????????????????????????????????????????????????????????????????????????????????????????????????????????????????????????????????????????????????????????????????????????????????????????????????????????????????????????????????????????????????????????????????????????????????????????????????????????????????????????????????????????????????????????????????????????????????????????????????????????????????????????????????????????????????????????????????????????????????????????????	
?a con diên .... b?t ng? c?c c?k	
M? Duyên	
"X?u ?.
"	
Gi?ng cj hay quá??	
Cung nhi?u ki?u ngu?i qua nh? :)	
TÂM L?N 	
Trinh Trinh nè em	
Hay em	
Chút cj g?i cho e di	
Ð?C TÊN EM ÐI CH?	
?a ch? b? hô h?	
Hahahahahaha m?c cu?i quá ??	
Vô d?c toàn. “Yêu ch? tâm” yêu hùa à =))?	
:)) m?c cu?i quá 	
kakakaka	
Tên hay ghê :))	
l? quá bà n?i	
Anh gì oiii th?yu tin này add em di :vvv	
B?o Khánh Ha Viet Anh Phuong N T Dieu Anh	
T?t live di	
Mai Anh	
ch? thi bao nhiêu di?m d?i h?c?	
Nguy?n Hoài Ð?t	
g?i tên em di c	
h?nh phúc quá	
cô bé mui trâu	
Cu?i nhu condien v?y ?y :)) ai kêu ch?n cmt tao 	
Vy Ðào Phuong Võ idol a nè =))))	
Add e vs cj	
Lô ch? 	
Cu?i ít thôi Tâm oi rang d?p vào màn hình v? màn hình dt thay t?n ti?n l?m nè. 	
Vãi l?n	
Quê ch? gia lai h? ch?	
Ð?C TÊN EM ÐI CH?	
Ch? iu xinh ghê 	
ch? oi cch? chúc a11 thi d? c3 du?c k ?	
M?c ?a quá ch? yêu oi 	
Ch? oi con Lam Ngan nó lo coi livestream c?a ch? ko thèm h?c bài kìa ch? ch?i nó ik >:(	
Hello cj tâm	
?a hk pts n?a ô ha	
Úc Tr?n	
X?u mà c? khép nép làm nhu mình d?p l?m :<	
Khép m? hô l?i ch? oi	
M?c cu?i vl	
?a gì má m?i zô dã t?t 	
vui quá	
Ði?n em v?i	
em b?o ch? d?ng cu?i n?a mà	
Ch? d?p kinh á??????	
M?c cu?i ghê ??	
Ha ha ha bu?n cu?i quá ??	
Vui ghê á ch? :)))	
mui b? b?nh sung h? ch? :(((	
Nh?t nh?o vl ??	
Ð?C TÊN EM ÐI CH?	
Bu?n cu?i nhò ??	
Hi bà ch?y 	
??	
m?c cu?i quá haha	
Nói h?n hoi cu?i cái ll	
Hello ch?	
Ch? Po oi gi?ng ch? d? thuong x?u lun á	
Lô ch?	
Minh Quân	
Thu Phuong	
Ð? Thu Uyên	
Ch? tâm hô bi?n cho tr?i mát di ch?	
T? Thanh Huy?n 	
oi con di oi	1
Cu?i cl j z 	
Liu liu b? ngta ch?i Xàm C?c ??	
Hok có gì m?c cu?i 	
Ð?C TÊN EM ÐI CH?	
Vui ch? nào ch? oi	
Cu?i v?y là ch?t em r	1
Th?ng bé : o dm con ng?a này diên à	1
S? quá khoá h?t cmt à con	
zui quá :v	
M?c cu?i quá hihi	
App nào v?y ch?	
Con diên. Ns thì ns m? di. Cu?i nh con diên	
Lô ch?	
Nh?t vl nhu con diên	
Vcl có j vui 	
Cu?i quá tr cu?i	
Kém duyên	
Thu Lê	
Ðéo có j bu?n cu?i mà v?n cu?i :))	
ch? h?c d?i h?c gì v?y ? 	
Haha bu?n cu?i ghê :)	
Zdui he :)))	
vui wa di nè hahahhahhaahahah 	
Ð?C TÊN EM ÐI CH?	
zuii qué	
?a m?c cu?i ch? nào z?y ch? :)))))))	
HI cj	
Lô ch?	
Chào c	
	
Ch? hài quá c oi :)	
Vcl	
Bu?n cu?i quá à	
Dù m?i ngu?i có  xa lánh em thì ch? v?n d?ng v? phía m?i ng?oi mà ?? em yên tâm nha 	
M?c cu?i quá cu?i khà khà	
Cha`o chi? 	
B?t d?o	
oi con di	1
de thuong z????	
Ð?C TÊN EM ÐI CH?	
Ch? cu?i cute sao ph?i che mi?ng z?	
M?c c?i wa'	
Ch? ? gia lai h?	
Hi ch? 	
Má d?ng cu?i n?a ??	
m?c cu?i ch? nào v mn ? ??	
ch? còn tr? trâu k?	
 Tiên n? giáng tr?n 	
Sao tui th?y nh?t mà b? cu?i ghê z?y ? :)	
mui sung h? ch? :(	
Vi?t nam ???	
M?c cu?i ghê :) 	
Quaooo th?t là vuiiii ??	
Ð?C TÊN EM ÐI CH?	
M?c cu?i ghee :))	
Ch? cu?i cái mà e t?t n?ng luôn ? . Thâu c khép mi?ng dùm e cái :))	
Gì d? má 	
Nhu l?n á	
Cái n?t v?n y nhu xua. =)))) b?t cu?i cho d?p tr	
m?c cuoii quá à	
dieu thay on luon	
Nhu db	
	
Ni?m nam là sg dó	
Th? cái lôfn vào m?t mày ch? tim con c?c	
haha	
Thôi th?y ko dui nên dành th? ph?n n?	
Ðeo th? tym	
? : D	
Ch? Tâm hello em diiiiiiiiiiii	
.. 	
Ð?C TÊN EM ÐI CH?	
Sao ch? cu?i quá tr?i v?y ch?. T?i khúc vui chua chi	
Vcl chào em	
nh?t vll	
... 	
HElo ch?	
Quý Duy Ðoàn vào xem ne	
Xàm xí dú	
	
Nhu buoi	
Ho ho m?c cu?i quá ch? oi :)	
Hello	
Phuong Ngân	
. Mm	
Ð?C TÊN EM ÐI CH?	
chào Tâm	
?a ch? nh?t h?..... ???? Ch? dang làm ra ch? vui tính h???? ?a nhu c?k v?y ch?	
l? quá m?t h?t hình tu?ng d?y ch?	
M?c c?i wa’ hahahaaaaaaa	
Y?n Vy d? t h?c :( 	
con di	1
Xúc ph?m ngu?i nhìn	
Hoa L?	
K hi?u chuy?n gì s?y ra :<	
Nl h? má :)	
Ha ha ha x3.14 	
Lô ch?iii	
Có l? quá khong ch? yêu	
bu?n cu?i quá Po oi :)))	
Zui ghê =)) zuii quá di cu?i khà khà khà	
nói nh? thôi bà n?i t ng?	
V?u quá em gái	
Nhu db	
Nh?t :)	
:)	
Tao thích câu "xàm c?c" ??	
Ch? oi rang bay nhu mua r?i kia ??	
nói chuy?n vô duy? ghe	
Ch? nói chuy?n nghe nhu l?n ch?ch du?i muong	
Loz này m?i choi c? m?i g?i r	
Cu?i nhe h?t c? rang ra	
n?p rang mà hô z? v?y ch? ._.	
Bu?n cu?i quá haha	
Ch? Tâm 	
Ð?C TÊN EM ÐI CH?	
M? Huy?n dui qá à	
O sao ch? này l?i déo xinh nhu trong hình v?y ?? 	
? 	
Vô duyên kêu ngta t?i dã r?i kêu ngta di h?c bài là déo nào?	
hahaha :) 	
mêu m?u mêu m?u mêu	
Tao nghe mà tao t?c cái l?ng ng?c	
Th?y Tiên	
hk pts mui nua ha	
Rang hô 	
hello ch?	
M b? d?ng kinh à	
Khánh Ng?c Kim Y?n vui kìa mng ? 	
T?t live di 	
Bu?n cu?i quá à	
ch? tâm livestream t?i m?y gi? v?y ch?	
Yêu quá	
Ch? oi	
	
ch? tâm livestream t?i m?y gi? v?y ch?	
éo hi?u ki?u gì	
Hello ch? 	
Vuii ghê 	
ch? tâm livestream t?i m?y gi? v?y ch?	
nh?t th?t	
Quao :) 	
Ð?C TÊN EM ÐI CH?	
Nhìn nhu con diên=))	
Làm nhu là thiên th?n d?y á. Ki?u bí hi?m kh bi?t ch? là ai. Nghe m?c ?a	
zuii qué nên cu?i	
Nh?t vcl	
kkkkkkkkkkkkk	
ch? nói chuy?n t? t? thôi	
?a	
=)) d? thuong x?uu	
T?i  khúc dui ch?	
Ch? b? diên hong c 	
Hello ch?	
ch? h?c d?i h?c gì v?y ? ? 	
Tóc hoi r?i nhé ch? oi	
Ch? an mu?i zô cho d? nh?t nha ch? 	
Tâm oi	
Ðm x?u vcc	1
hello cj	
hello ch? Tr?n Thanh Tâm	
ch? tâm livestream t?i m?y gi? v?y ch?	
sao mui to quá v?y ch? :((((	
Ch? oi	
iu ckj	
G?i m?t ch? là yêu tinh	
h?n di 	
Em còn làm ? dó k ta	
	
che rang ch? oi 	
Th?y Ð?ng d?o vãi l?n dcm	
ckj dou coá nh?t dou ckj m?n wa	
Tóc xù v	
Con diên	
Bùn c?i l?m h?	
Nkat	
Càng ngày càng x?u	
Nhu dách loz	
kakak	
hóng chung	
Nguy?n H?ng Ngát vào xem live c?a ch? này :)))))))	
Ch? oi	
Cái dm hót go qu?n cam	
Chào Bùi Hoàng B?o Xuy?n và Lam Ngan	
"Khép m? l?i ch? u 
"	
V?u th?t 	
An gì nh?t quá má oi	
dm d?c cmt cu?i dcd	
B? ch?n cmt c?a t di m :))	
Ch? cc	
Chào ch?	
Alo Vân Anh (Vanh) chó aloo	
Rang x?u mà khoe :)))	
H?ng Ðào Vô n?ng l nè	
Dung Nguyen	
ai mà gãnhhh	
	
Nhu l?n	
tâm m? ch?	
Nhu l?n	
Yêuuuuu	
m?n chua ch?	
Hello ch?	
s?a mui di :)) mui to nhu l trâu ó	
Nhu con diên	
gap anti fan chac tao cuoi ia Hu?nh Nhu Y?n Ng?c	
Dui quá ha :) 	
Ch? d?ng cu?i n?a mà :(	
Dui ccg	
Chào Tru?ng	
Em chào cj	
em x?o loz ak	
Ch? oi, ch? d?ng cu?i tuoi wá nha ch?, nó c? nhu cái bàn càooo ?y ?:(((	
Lu?t th?y vô kh?a 	
TÔN L?M!!	
Ch? có lo h?c dâu mà khuyên ngu?i tar :((	
Quang Hà	
zui qué	
anh said: sao ch? x?u th? :(	
ch? oi chúc a11 thi d? c3 du?c k ?	
ch?i s?a mui dou v?y ch?	
Fan ch? mà Lo h?c chi, ráng thi 15d d? ki?m ra ti?n gi?ng ch?	
iu ch?	
M?y má có diên ghê t? nhiên b?o ngu?i ta ngung cu?i =))	
Helo ch?	
Yêu ?	
Mo? oi	
mui trâu:))	
?	
Gu ông này m?n z?	
 Cu?i nh? thôi c oi. Rang nó ra ngoài h?t r?i	
Em k ghét ch?	
Mi?ng cu?i xinh l?y tay che mi?ng chi v?y ch???	
	
:v cu?i ít thôi :v dau l?m	
Haha	
Xin quá ch? ui	
em mu?n lái =))	
Bu?n c?a ?nh 	
thôi xem tiktok c?a n di ch? xem stream nhu này nhìn ghê vl	
Chòi oi chòi oi	
Lol	
Toàn rang ??????	
:(	
Ch? oi th?y em không huhu	
T xiuuu nganggg	
Còn em thì tan trong bo bo bo bo bo bo bo bo bo bo bo bo bo bo bo bo bo bo bo bo bo bo bo bo bo bo bo bo bo bo 	
Rang ch? v? nh? :)))	
ch? nói chuy?n nh?t quá	
B?t yêu ch? tâm di m?y mé =))) tao c? t xiu bh	
dã quá	
Phi Y?n idol ?ng c?ng ??	
Phuong Hi?n hay quá ?	
Thôi lái máy bay luôn di e 	
méo méo méo	
Ch? xinh gái	
Ch? d?ng cu?i gu?ng n?a là xinh l?m nhaa c hihi	
Ch? oi chào em di??	
m?c cu?i quá hyhy	
Ðó là tác h?i c?a vi?c choi dá	
Cu?i v?a thôi ,toác con m? nó l?i ra kìa	
choii oi	
Tr?i oi cái m?i to nhu phù th?y luôn á . 	
	
Ðào Ng?c Linh	
037599999	
	
Coi vì hóng drama coi cái m? nó có h?n hay k thôi	
???????	
Ch? nay xinh quá ??	
may quá quá di ??	
M?nh	
Ch? yêu oi	
D?o gi? ? c	
Mái xinh quá c iuu	
8h h?c bà n?i m h?	
T?i m l?t m?t nhanh nhu bánh tráng v	
Thao Tran xem lèeee	
Hu?ng Duong :)	
Gi?ng ch? Tâm nghe d? thuong quá ch?i, d? thuong h?t s?c, d? thuong x?u	
Ðang d?nh t?i mà Th?y ch? tâm t?i là mình déo mu?n t?i n?a lun á	
bí hi?m vlonnnn	
Man Ng?c Hoài Nhã	
Oanh Hào Nguy?n Th? Minh Ánh  d?o vl dcm	
B? d? thuong kìa??	
Má s?n luôn á ch? iuuu	
anh í gu m?n th?t :((	
Chj oi add e di	
	
Rang hô vc	
zui ghê	
Khép mi?ng l?i em gái	
15 con trâu có v?t l?i ch? hông	
Ch? xinh quá kìa	
Toàn th?y yêu ch? Tâm =)))	
Ly chó hi?n hình alo alo	
Ch? cu?i t? nhiên ghê taaa :))	
D?t d?o quá	
em cung mu?n n?a	
C nói chuy?n v?i anh d?y v? cu?c s?ng và d?i di ch?	
Hé lô ch?y	
Ch? tâm ng?i 	
Helllllloooooo	
Ch?c nh?t hon th?ng Khánh l?p tôi=)))	
Ng?ii quá d?	
Tr?n Ng?c Thu vô chào chu? di	
C?t mái xong nhìn d? nhìn hon nè có thi?n c?m ??	
Hô vl	
Tiên :333	
"Chòi ôi??
Tui thik làm anh ó quw??"	
Thu Phu?ng c? po nè	
Rang mà hô hóa ra n?o d?a	
M?t háng tâm quá tâm oi	
Xinh vãi aaaaaa	
tu v?n em vô h?ng bàng di	
	
Hoàng H?ng Ánh Ph?m Hu? 	
Huy Phan	
chào ch? bt ki?m ra ti?n	
D?o gi? ?	
choii oiii	
mèo méo meo mèo meo ai iu tr?n d?c bo khum nào	
G?i  em ik ch? iuuu	
Su?ng quá cj oi	
Clm nghe gi?ng ng?a dít vl =))	
Surprise :)))	
Anh oi h?i ch? làm mui dâu di anh	
Ch? cu?i xinh quá.d?ng cu?i n?a	
M?t mam	
Sao ch? hô th?	
Ch? chào Khoa di ?	
?? 	
Oh mai gót	
ch? cute qué :((	
Gi? này dô dây th?y toàn yêu ch? Tâm. Tao m?c cu?i vl =)))))	
ch?c d? h?t ?	
su?ng th?	
Qu?nh Trang d?c cmt cho zui	
Su?ngggtg quá kiàaaaa	
Ch? Tâm??????????????????????????????????????????	
mèo méo meo mèo meo	
Cm	
hello buscu	
? :)))	
Ui	
Má d?o ít quá há	
cho xem mui n?a ?	
Ch?t don hi	
cj ? 1 mk ?	
em h?c hutech	
Yêu ch?	
trui ui 	
Helo ch? Tâm	
Thu? Duong	
Ch? phát ngôn m?t d?y ghê	
Truong Nh?t Hoài ch? Tâm d?y ch? này làm tho giúp e vs	
Anh Thanh Niên x?i =)) t xem su?t nhó 	
Ch?t r c oi máy e còn có 1% thôi mà ko th?y s?c dâu c?	1
H? l?i kìa	
Tr?i oi cái m?i to nhu phù th?y luôn á . 	
Ch? khép m?m vào m?t chút du?c hum ?	
Chào em cái di ch? tâm 	
Tr?n Ðình Son	
cho nó nhìn rang dáng yêu c?a ch? di ?	
Oiii m? oii	
Em hâm m? ch? m? TÂM quá chi oi <333 i love u chu c? mo	
Ch? dáng yêu quáaaa??	
Tâm nh?n pr bao nhiêu 1 vid nhu này th? nh?=)))	
Ð? m?	
Nh?ch	
Hii	
????	
Ch? oi	
Show m?t m?c di ch? :)	
chi giup em lam kiem tra GDCD voi chi oi	
Chào e vs ch? oi	
Dù th? nào di n?a em v?n d?ng v? phía ch? ch? m? tâm ?	
Nhìn g?n m?t x?u vl	
tam bén quá . x?a rang r?t tuy?t . m?i ngu?i ai mua tam liên h? mình nha	
ch? tâm mui b? oi	
bé yêu an com chua	
Ch? oi có ph?i dang nh?p j ko ?a r nhi?u fan ko tr? l?i em h? 	
Luøng Hieu cho em h?i m?u ipx màn hình cong vs ak	
Show m?t m?c di ch? :]]]	
V?y l? em v?i ch? thì Sao ?	
v?i ngu?i âm du?c k ch?	
Hello ch?	
Hello	
Nhu cl	
Th th ch? im m? m?m	
Okk	
B? ch?i nè 100%	
Hello ch? yêu?	
Ckào ck? iem d?ng dây t? cki?u, mui ck? xinh qu? cho iem làm wen du?c khongg?	
Ði du?ng quy?n ko ch? Tâm??	
Iu ch? tâm nhi?u ch?c ch? tâm kg hi?u	
Tr?n Truong Phuong Nghi huhu h?ng mún chu?n ch? dâuuu	
hello ch? ??	
Tâm oi 	
Nhìn xinh l?m à nha	
Ch? Tâm nghe gi?ng d? thuong x?u	
Ch? c?t tóc mái xinh quw???	
CH? TÂM	
G?i em ???? di d? choo emm m?t ng?	
Ðm c	1
??????????	
T?i r làm sao nx	
g?i tên em di ch?	
Th?ng nao xui v?y	
Ki?m em di ch? oi 	
Ch? là thanh tâm h? khác d?	
Hicc. Nay em quên dánh kh?i mui h? Tâmm ??	
Khép m?m vào ch? oi	
App gì v ch?	
Ch? chào e di ch?	
 Wao th?n bí ghê á	
CH? OI, EM T?I XONG R?I ?. MONG CH? REP ?. IU CH? NHI?U L?M????	
Nguy?n Hi Hi thích ch? l?m dó ? 	
Nguy?n H?ng Phúc tôi xem ông ph?i xem	
Chán vl ra 	
Mui to	
C? oii xinh quá	
he lo chi yeu	
Th?n bí??? :)))	
Nãy h em t?t âm thanh mà tu?ng ch? ch? câm không à	
Show m?t m?c ik ch? oi	
Nc bthg thôi b?t d?o deo l?i nhìn kinh vl	
tam ng?t nu?c	
Chào e vs ch? oi	
Hello ch? Tâm xuynh gái, ch? chào e di	
Chào cj	
ÂM	
Xlol	
Gi?ng ch? d? thuong quá ??????????????????	
?n tim quá tr v?n kh du?c g?i tên xem t?k kh d?y	
Hi ch? Tâmmm	
An tr?u ph?i g?i lá giông, áo ch? to th? bên trong có gì ?????	
Xinh th? ch?	
 áo cj mua ? d z	
Bích Trí dô coi ai d? nek	
nay xinh quá bà ~~	
???	
ch?c th?y ch? chúng nó ném h?t m? di?n tho?i í	
mui to , m?t d?ch	
 Hello ch?	
Áo ch? d?p quá , ch? mua ? dâu v ? ?	
Chào e vs chj oi	
App này ch?nh mui du?c khong ch? 	
Cái mui th?y cung quá dza	
Hello em di ch?	
??????????????????????????????????????????????????????????????????????????????????????????????????????????????????????????????	
Tam d?p l?m 	
Hello bé Duong Ng?c Ðoan Trang	
g?i tên ki?n di ch?	
Xinh quá	
Hell	
Hello ch? Tâmmm 	
Hello ch? Tâm 	
ch? Tâm xinh quá	
Ai d? c?a ý nè TruongTh? NhuÝ	
Ð?C TÊN EM ÐI CH?	
H? lô chào m?ng các streamer d?n v?i tr?i nghi?m b? con gái dì top hight lí huy?n tho?i còn s? tôi thì các ông dã là cái quáii gì c?nh b?o ngu?i d?ng d?i cu hay c?n th?n di vì di?m y?u c?a ôg tôi n?m ch?c cái tàu thuy?n hãy vào b? ngay di không thì h?i dang s? thành h?i d?c............	
Hé lô c?	
G?i tên e	
V?y ó h?	
Hêêllo em di :(((	
Heloo e Nekkkk	
G?i ik	
G?i tên em n?a ch? oi!!! 	
Chào b?n Nguy?n Rin	
chào e di	
D?o ch?y nu?c	
Con di m? mày ch? ghép dôi	1
E cùng h? v?i ch? này ciuuuu tên iemmmmm di :33	
Ch? em di ?	
Hi ch? 	
 hi nguu ma vuong 	
G?i tên e	
Th?y Tâm xinh th?t á??	
T?ng em cái dt dii :)	
He lôôô	
yêu quá à 	
Nhìn ch? xinh th?c s? luôn á	
tâm cute oi	
hicccc	
Hello e nek	
Ok 	
Chào ch?	
Heelllooo ch? iuuu	
pls :(((	
G?i tên e	
G?i em di	
Buonnnn quassss	
Ch? oi	
Maiiiii mìnhhhhh ktra hoá mình ch?c ch?n 9? trong tay 1? trên gi?y ??	
Hey chào conn diên	
saoooo ch? hokk helo em	
Hê nô con Chi Ca Vâu	
Filler b? tràn à :) mui to th?	
Em yêu ch? ??	
Chào ch? ? ???	
Truong Ph?m Lan Anh d?nh d? ghét mà xem live l?i ghét vl ))	
Hello ch?	
Ð?C TÊN EM ÐI CH?	
Sao l? mui b? d? ?	
Ch? oi!!!! 	
G?i tên e g?i tên e	
Xinh xiu~	
L?n sau tô cái lông mày nh?t nh?t thôi nha ba :)))	
CHÀO EM CÁI	
ch? ko chàoem	
Th?ng lz Hoàng Phú s?a cc gì v?y	
hello ch? Tâm	
Cung xinh, cung cute :))))	
Chào ch? em d?ng dây t? h?i nãy	
Xinh quá	
chào e di	
Ch? oi nhìn ch? hay quá	
??	
hello cj	
Linh Thuy	
Mui này thái v?i dc 2 dia n?m	1
Ch? oi	
Ðc ch? hello luôm	
Chào cj	
Cj d?p l?m ak	
Em tên hi?u nha	
G?i tên e ik ch?	
 G?i tên e	
Helo ch?	
Xinh quá nè chi?	
Chào em di ch? eyy	
Chào cj	
...	
Em t?i xong r?i ch?	
E cùng h? v?i ch? này ciuuuu tên iemmmmm di :33	
Y?n M?	
Nguy?n Hoàng Huy tr?ng dán c?n m? :))	
:v t?i roài d? l?i cmt... ? dó là Tr?n Thanh Tâm dua tuii d?n dây có dc hemm ch? ??????	
Chào em di ch?	
G?i tên e	
Ch? ?i ch? g?i tên em di ? em stand ch? lâu r?i á	
" Chào ch? ,e d?ng dây t? chi?u!
"	
cút :)	
Ch? Tâm d? thuong quá à	
cj oii g?i tên em cj oi	
ch? xinh quá	
o?	
Helo ch?	
Ðây là app j v?y ch? em vào mu?n em ko bt á ch?	
em chao chi	
L?n d?u xem ch? live	
Chào cj	
h?i ch?m xung CH? ??	
Hà Bích H?pBích	
Duc Anh Nguyen	
chao cj tam	
Ch? oi	
Ch? oi	
iu ch? moa moa????	
mo ho	
xin 	
Hoàng Ng?c Nhã Uyên	
Hello th?y ti?n b?i hong nh?	
Hello cj	
hêlô cj ??	
 G?i tên e	
chi co phai Tran Duc Bo hong?	
ch? g?i tên e di 1 l?n hoy	
Chào ch? yêu 	
Ð? em t?i 	
Ch? d? thuong quá .	
Em dn t?i nho dt em nha	
Hong á 	
chào em diiii	
Ch? oi heloo e nè	
o? 	
Chào bear	
Ch? oi g?i tên em ??	
Ch? oi g?i tên em ??	
Hello cj nha ??	
C d?c cmt c?a e di ? 	
Chào em di ch?	
G?i tên e	
hi	
Ð? em t?i	
Huy Hoàng Duong	
Tâm xing mà 	
D? thuong quá ?	
App gì v?y ???	
Ð?C TÊN EM ÐI CH?	
chào ê di	
G?i di?n làm l?n gì :(((	
ASD	
E cùng h? v?i ch? này ciuuuu tên iemmmmm di :33	
C cute quá	
Em chào ch? ak??	
Mui ch? to quá ch? oi	
G?i tên e	
G?i e diiii	
D? suong qu? à	
Helooo ch? eyyyy	
Cài vào ch? add e du?c không :))	
Add e ik ch?	
cj tâm oi d?c bình lu?n em ik	
ch?c trên fb m?i ch? TR?N THANH TÂM l?n nh?t	
C oii	
Ch? oi g?i tên em ??	
Thuong ch? nhi?u	
cj oi g?i tên e	
hôm nay ch? quên dánh kh?i  à múi to quá tr?i hay ch? b? ?m mui nó b? sung ? ????	
Ch? g?i tên em di ch?	
Chào idol	
Kêu tên em di	
G?i tên em di ch?????	
d?	
helooo em n?a	
ch? chào e di ch? '	
Á á .	
Alo v? oi	
Tóc cung qu? d? nè	
G?i tên e	
Phuong Hi?n	
G?i tên em di ch?	
Gi?ng ch? d? thuong quá à?	
Ch? oi g?i tên em ??	
Cute quá tr?i oi d? thuong ghê noi á	
Y?n Phuong má cái mui	
G?i tên em di ?	
Ði l?c dâu zô dâyy g?p aii cute quá	
J z tr	
ch? oi em có nh? b?n tênY?n Nhi nó x?o x?o quá thì sao ch? 	
Xink quá	
Hii ch?ii<33	
Mui d?p v?y ch?:))	
E cùng h? v?i ch? này ciuuuu tên iemmmmm di :33	
em cho chi	
Chào Nguy?n H?ng Minh :)))	
Ch? oi g?i tên em ??	
hoc dao duc hoc lam nguoi chi oi	
hello ch?	
G?i tên e	
Yêu thía	
Kêu tên em di 	
G?i ik ch? oi	
Tr?n Di?u H?o's :))?	
xinh quaa chi oiiiii =))	
Tâm Tâm Tâm	
Haha 	
Hello ch?	
Chào em dii	
E cùng h? v?i ch? này ciuuuu tên iemmmmm di :33	
Phan Van Ð?t	
Cc	
Ch? xinh th?t ??????	
Chi PO ko chào em, d?i	
G?i tên e	
Nay xinh ta	
Lô??	
Nguyen Hai Yen 	
Ê ch?y Tâmmm	
Hello ch?	
em cho chi	
Chào ch? ?????????????????????	
Nhi Y?n Nguy?n ok	
Ng oi ng hãy g?i tên e di ????	
Vãi ler	
Hello ch? iu	
Yêu Tâm nh?t	
Ch? xinh quá di	
G?i tên e	
Bùi Di?u Hoa vào nghe ch? di em :)))	
Nguy?n Thành Duong	
G?i tên em di 	
Nguy?n Ng?c Minh Anh	
Dô coi idol live ne Nancy My :)))	
Hello ch?	
Ch? oi g?i tên em ??	
? c? 	
t?i rùi ch? có g?i ten em hongggg	
 Chj d? thuong quá à 	
chào e diiiii	
Hello em ?	
Chào cjh	
Ch? kêu tên em di	
lô cái dkmm	
Helo ch?	
	
G?i ng?u nhiên cái b? ch?i nè	
	
h? lo	
	
cj tâm oi	
:((	
Ok	
Eoo ôiii 	
Ch? b?t d?o may ra e còn thích ch? ????	
G?i tên em di	
E t?i gòi :333	
C g?i tên em di	
C t?t cmt c?a antifan r?i ?? Huhu	
Em chào ch?	
Heloo	
Xinh quá tình yêu c?a emmm??????	
xin ch? dóo	
Hello ch?	
tâm an tui di	
chi hoc gdcd di chi oi	
Kêu tên em di ch? oi	
Ch? oi g?i tên em ??	
In	
Th?yy Tiên H? Th? Thiên Huong	
Em t?i v? r?i nèk 	
Ch? oi	
Duong Th? Thanh Nhàn	
chào em di ch?	
Add e v?i ?	
Ch? oi	
Chào ch? oi chào l?i l?n 2	
ch? chào e diii	
Hello chi tâm	
Tr?ng ráng c?n m? dây h?	
G?i em di ch?	
Tâm chân thuii 	
chào em di ch?	
Hello ch?	
cj có youtube ko cj	
G?i tên em di ch? tâm	
Ch? oi g?i tên em ??	
Hôm nay ch? xinh th? :))	
G?i tên em di ch? iuuuu	
Kiu e di cj	
T?i ve r 	
Goi tênnnn em diiii	
C oii	
Hello ch?	
:)) déo thích 	
	
Add em di	
Hello	
G?I TÊN EM IK CH? YÊU OI	
ch? oi chào e di'	
Iphone tàu m?y tram v?y ch? :))	
Gi?ng ch? Tâm nghe d? thuong quá ch?i	
dcmmm 	
Ch? oi g?i tên em ??	
G?i tên em di	
Em u?c du?c ch? g?i tên ?	
	
Ch?ng ai quan tâm ch? nói j ngoài ng?m ch? xinh dâu :)))))))) 	
CH?C CH? K TH?Y EM R??	
E d?ng dây t? chi?u	
mui ch? to hon c? nguu ma Vuong	
G?i tên em di	
chi co hoc thay huan ko a	
sao ch? d? thung d?	
g?i tên em trong dêm:))	
G?i tên em di	
Chán á ch? ko chào em	
Chào cjj	
Hello em di	
Mong c xem cmt c?a e 	
chào em di ch?	
G?i tên em di	
ch? oi con Nh?t H? b?n em nó c? thích choi les v?i ch? ý c? nhìn th?y ch? là cái l?n nó gi?t gi?t 8 phía ch? nói v?i nó là ch? không thích gái lùn di ch???	
Gi?ng c cute ghê á. C g?i tên e ik:(	
?a l? lòn khinh méo tr? l?i h? :))	
Tu?n cút	
App j ?	
hello b?n iêuuu	
chào em di ch?	
Spam spam spam	
Ch? oi lâu r?i ch? m?i xu?t hi?n em ngóng ch? quá tr ??	
Hello ch? 	
Helo ch? ?	
Chào ch?	
Ch? tâm d? thuong quá	
Rep em ?	
Ch? revieww gì d?y :3	
cj tam mo ho	
G?i tên em di	
Nguy?n H?u Linh	
Add em di ch? tâm	
Ði mà ch?	
Hé lô ch? 	
chào em di ch?	
m?t nay sung v?y má	
Y?n Nhi g?i nè	
App Goodnight này hay quá	
Ch? g?i e ik	
G?i tên em di	
Ð?u Bùi	
	
hello em nhé	
Chào ch?	
Tâm	
Chào ch? tâm xinh gái  ha	
Cheo e cái di chj	
Nói gì thì nói v?n không ua và cung "Ðéo thích"	
chào em di ch?	
App j ?	
E m?i xem live c ? 	
Hello ch? 	
M?t h?t sung r?i h? ch?:)))	
Tâm chào tâm ??	
Em chào ch? Tâmmmmmmmmmmmmmmmmmm	
G?i tên em di	
M?t ch? sung lâu quá khók*	
Tóc này xinh xiu á c 	
E t?i v? r?i nè 	
Sao ch? ko rep cmt em	
Hello cô tâm	
Helooo ch?	
Ch? oi!!!!! 	
:))	
:3	
Vâng	
Hello ch? 	
chào em di ch?	
Helu z? iu c?a z? iu	
D? thuong quá máaaaa	
App j an	
Rep em di ch? yêu ????	
Yêuuuuuuuuuuuu	
chào em di ch?	
Hello em di ch?	
d?	
chi hoc gdcd dc ko a	
<3	
Rep ?	
Helloo e di c	
	
Tu Tít's vào nhanhh	
ch? kiu tên di	
ch? ko chào em ngh? choi ch? lun	
hello cung	
T?i nhu nào v?y	
Ch? iu oi rep em vs	
Ð?ng b? em mà	
Hello ! M?t b? .?	
chào em di ch?	
Nh? Tâm mà app du?c rate 1* . Nh?t nh?o :))	
Ð?c tên di	
Ch? oi kiu e 1 l?n thoi	
Ch? có lm tiktok nx à	
chj xinh quá	
Hêllo cj d?p	
Cái này g?i du?c Tr?n Ð?c Bo honggg ch? ? :) 	
App j ?	
E chào cj 	
G?i tên em di làoooo 	
HELLO ch? IU	
Chào ch? ui nè hihi	
Hiii ch? 	
Ch?t lu?ng th?p vl	
Ch? oi	
Ch? oi kêu tên e di	
ch? oi chào em di ch?	
Ch? oi kiu e 1 l?n thoi	
G?i tên em di ch?	
ch? oii chào em v?i 	
chi oiiii	
Hello em v?i ch? oi	
Hi ch? ???	
l?n ch?n th?i 	
Em dn t?i	
Haii c	
Em dn t?i nho goi em	
Cj oi g?i tên em di ?	
Chào ch? Tâm ?	
????	
I l?p du chu cà mo	
em hâm m? ch? l?m ch? M? Tâm	
Ch? oi g?i tên em diiiii?? 	
Sao m?t to th? b?n @@	
S ch? kh g?i tên em? 	
Vân Anh le le	
Ch? ui em chua t?i xong	
m?y lít v?y con kia	
Hello ch? Tâm 	
Hello ch?	
M?i ngu?i c? làm quá lên :3	
G?i e di ch?	
C oi c nh? ch? e nha e vx chua download dc	
Ði duongg quy?n du Po	
M?t ch? dâm vcl	
hello chj ch? g?i tên e di	
App là j ?	
Ðúng là ?????	
chào emmm n?a	
Tâm Tâm Tâm	
Vâng :3	
Hello chj Tâm nha	
Kiuuu tên e di ch?	
Xinh quá Tâm oi	
Khùng h? 	
 Hello ch?	
G?iiii tênnn em diii hiccc hiccc	
em  hoc thay huan ko hieu	
G?i tên em di ch? oiiiii	
Minh Phu?c nè :))	
Heloo	
Mui to th? =)))	
Helo ch?	
Ch? oiii d?c tên e di ??	
G?i tên tui di tâm	
Hi	
E chào cj	
G?i tên em di ch?	
C oi sao m?m c toàn nói linh tinh kh v:))):)	
Hé lô ch?	
G?i tên em n?a ch? oi!!!! 	
Hello ch? nhaaaaa	
Hello ch?	
hello chj	
Hello	
Hello em di ch?	
Ch? oi 	
Hello ch?	
Bh d? mái nhìn xinh hon d?yyyyyyyyyyyyyyyyyyyyyyyyyyyyyyyyyyyyyyyyyyyyyyyyyyy	
Chào	
App gì v?y ch?	
hello cj tam mo ho	
h? lô ch?	
Cj g?i tên em dc ko	
 xinh quá ch? oi??????	
Sao ch? giàu mà ch? ng? mùng	
G?i tên e d? ch? :3	
Ch? oi kêu tên em di	
Ch? chào em vs	
meo meos meo meof meo	
Ch? Tâm nhà mình xinh th?	
e là fan cu?ng cj nè cj iu oi	
Ch? cung có x?u nhu trong hình dâu nh??	
CH? TÂM CUTE REP EM ?	
ch? tâm livestream t?i m?y gi? v?y ch?	
Sao c? không xung ch? v?i m?y kung n?a c?? 	
Ch? g?i tên em di ch? iuu	
Ch?p nh?n l?i m?i e ik ch?	
Yêu ch? quá	
mlem mlem mlem	
Ch? oi ch? th?y em không em l?n d?u xem live ch? nè 	
Chj xih quá , yêu chj	
G?i tên em di	
Heloo ch? yêu 	
tóc m?i c?a ch? xinh th?	
g?i tên e di ch? :))	
App này là j ?	
C oi. C t?t tính nang cmt c?a antifan r?i h? c? 	
Ch? chúc em h?c d?u di ch?	
Yêu	
Sao mui ch? b? v?y ?	
Phuong Thiên Mai 	
I love you ch? 	
G?i random cho A Thi v?i, nó hâm m? e l?m	
Mui xinh quá c? ??	
Chàooo em diii ch?	
Ch? oi em yêu ch?	
Hi chi? 	
Nhung ncl d? tóc này xinh	
Ch? Tâm hello em di ch?	
Hk?u Blem Hân Gia Bao Anh Ngo Nky Mlem Nhii Hongg g?i di?n nè máy em	
Uoc gi em duoc goi cho chi :(	
Ch? chào emm l?i di ch? ??	
Ðinh Ð?t	
Chào ch?	
Tâm oi kêu tên em diii	
Nói l?i tên app di	
Ch? làm th? thách ng?m mi?ng l?i trong 30s dk 	
Ch? g?i tên em di	
V?n ko dc ch? rep??	
Chào em di c	
Ch? oi ch? th?y em không em l?n d?u xem live ch? nè 	
Ch? có d?nh s?a mui k ch?	
Ch? go?i tên em di	
Are you here	
Th? tym cho ch? di mn oiii	
Em chào ch? 	
hj cj 	
Hô còn nói nhi?u :))	
Hi ch? g?i tên em di	
Hello	
G?I TÊN EM ÐI CH? OIIII	
Hellloooooooo ch? yêuu	
Chào ch?y	
Ch? xinh vl	
A nhon ch?	
Ch? tâm	
Sao ch? không m?c d? ngon nhu Lê B?ng Ý	
D?y dó h?	
Yêu v? <3	
Ch? oi ch? th?y em không em l?n d?u xem live ch? nè 	
mle mlem mlem	
g?i tên e nè 	
G?i tên em di	
Chào em di	
B?a nay ch? Tâm xinkkk	
App này là j ?	
Ch? chào em 1 cái cho em vuiiii	
Chào e di c iuuu	
ch? tâm livestream t?i m?y gi? v?y ch?	
Hello ch?	
Vk t d?y t?i m léng phéng t c?t b? à ??	
Ch? oi,d?ng bu?n nh?,em yêu ch? l?m 	
Ch? oi tr? l?i em	
G?i ik ch?	
?a sao nhìn vâu vâu	
Hello cj PO	
Hung Roé d?y l?i b?o Tâm kh xinh di ??	
H g?i luôn di c ou	
Hello ch?	
con l?n x?u th???	
ch? oi xinh x?u h?t em diiiii	
chi oiii	
C oii	
chào ch?	
Sao xinh wá v ch?	
ki?u tóc m?i d?p dó ch? oi	
Heloo ch?	
g?i em i ^^	
Chào b?n	
App này là j ?	
Chào ch?	
C oi c g?i di	
Ch? oi ch? th?y em không em l?n d?u xem live ch? nè 	
mèo méo mèo meoozzz.:))	
	
e t?i dc òi	
Th?y cj d? tóc ng?n 	
Tài Thành Ð? Ðen	
Ð? tóc nhu này xinh gái quá	
Ch? chua chào em??	
Thích tâm thôi :)	
Hello ch? yêu ditme ch?	
Rep em di mèo meo	
Ch? oiiiiiiii	
Ch? xinh quá hà	
Ch? helooo e di	
Ch? oi ch? th?y em không em l?n d?u xem live ch? nè 	
D?o :))	
Ch? hilu em duy	
Chào ch?	
Tui vô tr?	
Chào tui v?i bà	
E t?i gòi nè ><	
chi oi giup em lam GDCD VOI A	
b? con rang khìa	
Hi ch?	
Ch? dóng phim gì z?yyy ?	
G?i e nha	
Ch? bi?t võ thu?t trung hoa k ?	
ch? tâm addfr e nhoa	
Hello h?	
Rep em di ch?	
087 9339888	
App dùng sao v?y ch?	
nhìn cute ghê á	
Ch? oi!!!!! Chào em n?a	
chi oiiii	
Tâm Tâm Tâm	
ch? c?t mái x?u vc	
Ch? xinh qua	
Nay m?t ch? thon r nè	
Em yeu chi nhieu, chuc chi thanh cong trong cuoc song	
=)) d?o d? v ch?	
Chào ch? ldol	
Cx ok	
Hello em di ?	
Chào chj	
Chào ch?	
Hello ch? tâm	
=)))))))))))))	
Hello ch? ????	
Tien Nguyen lát tâm g?i tao	
Hello -.-	
Rep e di	
App này là j ?	
Gi?ng ch? d? thuong 	
=))) t?i xogg.... Em d? cmt :v Tr?n Thanh Tâm dã dua tui d?n dây ??	
Ch? chào em di	
ch? có youtube ko cj	
Nói l?i tên app di bà	
Mình m?i t?iii	
Ch? oi g?i tên em dc ko	
Ch? tâm oi chào em dc ko	
Sao m?t ch? sung lâu z	
???? ?a gì zay 	
Hello ch?	
Nguy?n Thanh Tru?ng	
hi chj	
Chào ch? 	
yêu ch? qué	
Helo ch?	
Hello ch?	
Hello ch? 	
Mu?n nà??	
 Ch? g?i tên em diiii	
Hello ch? Tâm,  ch? ? dâu d? :3 	
Hi ch?	
Chào Tâm , anh yêu em :))	
Tr?n Hoàng B?o Thiên	
Hii ch?iiii nhaaa	
Ch? g?i ik	
Chào po	
Lê Nguy?n Tu?ng Vi coi i 	
hé lô c po	
Hello ch? tâm	
Hello ch? tâm ??	
ch? à	
Ch? c? g?i di ? '-'	
"Em chào ch?
Chúc ch? bu?i t?i vui v? ?"	
Helo ch?y kêu tên e di ch?y	
Ch? Tâm geloo em di ?	
Chaot ch?	
Chào em n?a ch? oi!!!!! 	
Chào ch? 	
ch? tâm addfr e dc hem 	
Hi ch?	
khi nào ch? v? gia lai	
Ch? oi ch? th?y em không em l?n d?u xem live ch? nè 	
 M?i to nhu chó	
Ch? oi. Cho e làm fan ch? di	
Chào emmmm diiii ch? oiiiiiii 	
Hellloooooo ch?iiiiii	
Sao cj ko d? tóc ng?n 	
Chào ch? d? thuong 	
?a ch? app này tên h	
Ch? hello e di III	
Vân Anh zo choi choi ne	
Ok tâm	
G?i cho em ik	
Ch? oi	
G?i em di ch?	
Chào ch? 	
Mong ch? rep	
Ch?p nh?n l?i m?i e ik vhij	
App này xài sao v?y	
Chào Chí Tâm yêu d?u	
Êm nh? ch? l?m ????	
U?c dc m?t lan dc ch? chào	
Bùn woaaaa	
Thuong Thuong Bùi Van Phúc  Mu?ncóm?tcáitênth?tng?n Nhungkhôngnghiracáitênng?n	
Chào cjj	
Hello HaHaHaHa	
ch? oiiiii	
Mu?n dc tâm s? v?i Tâm á bây bê	
hi cj	
Ch? oi em yêu ch?	
Nay ch? xinh quá:3	
Sao không ke fan z?y	
Cj chào e vs??	
Ði	
m?i c?t tóc mái à c tâm	
Hello ch? yêu	
Ch? oi	
Ok e s? share cho c luôn và ngay nek	
Iem chào c?	
Con l?n diên	
ai g?i ch?c t?i m?t ng?	
G?i cho em di ch? :> 	
G?i di	
Hi ch? m?	
Ch? chào em	
??	
Hello e di	
Chào ch? 	
C d?c tên em di	
Chào	
Hello ch?	
Hi lu	
Gi?ng c cute quá à??	
Ch? oi	
Hem còn :)))	
Ch? chúc em mai h?c gi?i 	
. Chào e di ch? oiwwww	
Th? tym mu?n cháy máy luôn a. Mà ko chào tui dc ti?ng d? ??	
Nguy?n Thành Vinh idol b?n xinh wa’ w0w	
Hello ch?	
Yêu ch?	
em chào chj l?n d?u xem live chj	
Xinh xiu c oi	
Ch? oi kiu tên em di:((	
Ch? oi em chào ch? 	
Em dang t?i ch? ?	
Ch? oii g?i tên em d8	
Hello ch?	
ch? Yêuuuuuuu c?a emmm	
Ch? chào em di	
Ch? oiiiiii còn e ch? Helooooo e di mà	
Yêu ch?	
  Bànnn wo	
Em nghe nói ch? s?p dóng phim dài t?p ph?i ko ?	
Tóc ch? nay mu?t v?y 	
Ch? êiiiiii	
g?i tên em di 	
Heloo ch? nè 	
Chào em dê??	
Ch? oi g?i tên em dc ko	
Hello ch?	
hello ch?:))	
hà luuuuuuuuuuuuuuuuuuuuuuuuuuuuuuuuu ch?	
P? ly :) 	
Hello e di	
Hello ch?	
Chào chj thanh tâm	
Hello em di ch?	
??	
Ch? oi ch? th?y em không em l?n d?u xem live ch? nè 	
Gia Nghi	
G?i chô emm nè	
Mui to vcl	
Ch?i oi t nh?t d?u quá ch?ii	
Hello ch?iii	
M?t nhu loz ý	
:< chào tâm:((	
Ch? chào em di	
Hello ch? d?o	
Chàooo em di ch? :(((	
Hi ch?	
Chào ch? nhaaaaaa	
Hello ch?	
Hi ch?	
Huy?n Huy?n c m ?y	
Tao choi r?i nh?n tin ph?i n?p ti?n dô dcm	
Chào ch? ?aaa	
Hello ch? 	
_Yêu ch? ghê ??	
Hello e di	
Ch? nói tên em di	
G?i em di	
Cho mu?n ch?c tri?u di bi?n b?n oi	
Hello ch?	
Sao ch? ko chào em em gi?n ch? lunn??	
Chào em ch? oi	
Chào ch?	
Hello ch?	
CÓ Ð? QUA APP ÐU?C KHÔNG CH?	
Heloo	
Hello ch?	
Nghe nói di?u r?t l:)) ng?a mông	
Hj	
	
M?y con b?n em di an kh r? cái an h?t kiu em di mua d? an cho nó á c em t?k á	
Ch? tâm t?i nay xinh quá diiiiii 	
Ch? hongg chào	
Hello bà	
Hi lu ch?	
Hi ch? tâm	
Hi ch? Thanh Tâm ??	
Hello ch?	
Yêu ch?	
Chào em di ????????	
Hello ch?	
Chào ch?	
Chào em cái diiiiiiiiiii??	
Hello em di ch? êiii	
	
Ðào Ng?c Linh	
Hello c	
Emmm	
 Ch? ch?o e diii	
gi?ng cute qu? UwU	
Ch? chào em di	
Tóc nay h?t b?t r?i nè	
gi?ng ch? l? hon hôm b?a	
	
T?i xong ai d? :((	
Hello ch? :3	
Hello ch?	
Quang Vinh Nguy?n Ng?c Bình Nguy?n Hi?u Ginx chào Po Tr?n di lào...	
i	
Hello e di	
V?a h?c bài cu coi live stream ch? nè 	
	
Chào ?	
Hi ch?	
oa xinh quá ch? oi ??	
V? ch? dánh gen vs tr?n d?c bo sao r?i ch?	
Nguy?n Ng?c Duy Uyên vô di 	
Hello ch?iiiiiiiii	
À nhon ch? :33333	
Hello ch?	
Ch? chào em di	
hello ch? tâm c?a e	
Nug lon nó kêu mn vào dây choi thì tao vào thôi =)) 	1
Ch? ch? chào em luôn	
Chào em di??	
hello cha m	
	
Ch? ko th?y e luôn	
Hi	
Heelo ch?y	
j oi	
Ch? chào em di	
Chào ch? ? ??	
Hello Ch? Nha. ????????????????	
hà luuuuuuuuuu	
Chào em di c	
G?i tên em di ch? 	
Hello ch?	
Ch? oi ch? th?y em không em l?n d?u xem live ch? nè 	
Hello ch? 	
Mui ch? có s?a không	
Ch? h?p ki?u tóc này quá chòi luônnm	
Chào ch?	
Yeu chi	
REP EM ÐI ?, EM FAN CH? 	
Th?o Phuong	
E ch? 	
 Ch? oi ch? an gì mà nhìn gi?ng con gái quá z???	
Chào ch? ??	
Lô ch?	
Helloooo c ??	
Hello cj 	
Ch? oi	
chào ch?y	
Ch? oi ch? th?y em không em l?n d?u xem live ch? nè 	
Ch?t di d?t m? mày	1
	
Hello ch?	
 Hôm nay ch? d? thuong quá!??????????	
Ch? oi em yêu ch?	
Em nt mãi	
Chào ch?	
Hello ch? iuu	
Hello cj	
Hi	
	
Dth quá ch? tâm oi ??	
Chào em di ch? :3	
Ch? oi ch? th?y em không em l?n d?u xem live ch? nè 	
ko ?	
Yêu ch? quá	
	
B? cái gi?ng dó di pls, nói gi?ng bình thu?ng du?c hong?	
Ch? tâm xinh th?	
chào tâm nhó	
Xinh quá ch? oi	
em chào ch? di	
	
App nào cung h?ng b?ng app sát Tâm =)))	
Heloo chj	
? bi?t r?i nói quài :))	
Má 2,5k xem 	
Thôi t?m bi?t, nghe m?t tai vl	
Ch? oi ch? th?y em không em l?n d?u xem live ch? nè 	
:vv c c? nói v?y... Ch? c mà g?i di?n t?i su?ng quá m?t ng? r?i saoo ??	
hi ch	
Ð? Phuong Nhung vào xem cho nhi?u view	
	
Ch? tâm xinh mà sao anti c? nói ch? m?p m?t sung nh? ?	
Hi ch?	
Ai gãnhh	
Ch? oi	
Okkkkkkkk ch? oiiii 	
Nguy?n Van Vinh em có th?ng b?n tên Vinh m?m lúc nào cung méo c cho l?i khuyên v?i ?	
L? g?p bi?n thái nó khoe hàng r?i sao ch??	
	
Mi?ng duyên ghê ha	
Ch? oi chào e v?i	
>>>>>>>>>>>>>>>>>>	
	
Ch? oi ch? th?y em không em l?n d?u xem live ch? nè 	
Helo ch? 	
Ch? oi em yêu c	
Tâm	
Em chào ch? yêu c?a em ??????	
Mái cj hk di?u l?m	
s?a cc	
	
Hello ch?	
Mui cao vl	
V?a ?a v?a xem tream d? hóng drama 	
ÐÉO R?NH	
Ch? oi ch? chào em nói tên em di??????	
G?i chung khi dóng phim thì hãy c? g?ng lên nhé??	
Con ng? l	
Ch? Tâm hello em di ?	
Ko bi?t sao làm quen nh???	
Lô??	
Hello ch? !! Ch? chào em l?ii di ??	
Xinh quá ch? êii ????	
thay huan day em ko hieu	
Hiccc c?t mái cute vl :((	
Ch? nói xong chua chào em di -))	
Thu? Duong 	
E chào ch? Tâm ciute nà :333	
Hiiii ch? êuuu	
Ch? oi	
btvv nha cj	
Chào mình nào :)))	
Con ng? l	
Hello. C	
Nói tên em di	
Chào em di idol	
ch? xinh quá	
im me mom ??	
Ch? oi	
X?o x?o quá dza	
N?p rang vào thì d?p	
Hello ch? yêuuuuuu	
Tóc m?i là lên s?c li?n =))	
Tình iu nch hay quá	
im di	
Chào ch?	
Con ng? l	
Em yêu ch?	
Holle	
Ch? ít ra tik quá ch?	
Ch? oi b?n em Thu Nè hình nhu là em th?t l?c c?a ch? dó :))	
Hi my loveeeeeeeeeeee	
 Xinhhh quá à 	
Ê ch?yyyyyy	
Cute awwwww :3	
Ch? chào em di 	
G?i di?n cái lol nè ai dâu thèm g?i  :)))	
Acp emm a	
Hôm ch? an com vs tr?ng h?	
k?t b?n vs em nhoa	
Sao mui ch? to th?	
C s kh chào em v ???? 	
M?t ch? còn sung không :))	
Tr?n Th? Thu? Duong có mu?n nch vs Tâm hong nè	
Mai ki?m trA 1 ti?t toán. Theo m?i ngu?i có nên h?c khôg? T?i di?m 9, 10 ko ki?m dc ti?n thì cx ko làm gì :)))	
T?i v? có tán d? crush dc không ch? 	
Dù ai nói ngã nói nghiêng thì ch? v?n xinh nha 	
So beautiful. Can you choose me to call?	
Hi cj	
helo	
Hello ch?	
Chào	
P? lyy	
App cái dau buoi	
=)))) app sát Tâm du?c hôngggggg	
Ð?ng Công Danh	
Sao toàn ph?n n? v?y	
m?t ch? to th?	
Xem hóng coi có drama ko 	
Ch? có th?y em ko	
Hi	
Ch? làm gì th?	
M?t l?n n?a ch? có nói yêu em không :) 	
Chào tâm	
Helo ch?y	
Helllochuyj	
hello ch?	
M?t vcl	
Em yêu ch?	
Hello ch?	
Chào ch?y :3	
SJOW L?N ÐI NÓI NHI?U QUÁ	
Ch? g?i tên em di ch?	
Khôi Nguyên  :))))	
Iu	
Ê cj êi 	
E chào ch? 	
Chào em di	
Hi	
Ch? thanh tâm h? ch?	
Chào ch?	
G?i tên em dc hông ch? ??	
C xinh wáaaaaaaa??	
Chào nói tên em di ch?	
Xin chào	
D?o 	
Hello ch?	
Rep ?	
Hello ch? chào em cái coi	
addfr em vs dc hem 	
Mà ch?	
Ð?c tên e di c 	
Hello e	
Hello ch? ??	
Hello H?o nguy?n	
Mui to cu?i h? l?i	
Ð?t m? con phò m?t to nhu cái l? l?n	
Hi	
Ch? add e dii?????	
Ch? chào e v?i	
Helo cj 	
Iu chii	
chi oi giup em lam kiem tra giao duc cong dan voi	
Nh? em không ch?	
helooo 	
.chào em vs ?	
Ðã là antifan thì t?t nh?t nên r?i kh?i dây, dã ko thik h? r mà c? zô ch?i. Ngu?i d?i g?i dó là b?nh th?n kinh, c?n dua vài 93 Nguy?n Luong B?ng 	
Ui tâm oi, hãng qu?t em PR b? t?t t? 5 sao xu?ng 1 sao r?i kìa	
Hi	
App này sao v?y b?n	
Hello ch?	
Ð? tóc này g?n m?t nhìn xinh hon	
Yêu <3	
? c tâm 	
B?n này tên gì th? mn	
Hi tình iu	
E chào ch?	
Ch? chào em th? di	
Chào ch? ??????	
Hiii Pooo	
helo cj	
Iu em ??	
Hello ch?	
Hello ch?	
ch? xinh gái nè	
"Ch? oiiiii
Rep iew ik????"	
	
Hello ch?~~	
Hello ch?	
Nói chuy?n nh?t nh?o	
Chào ch? Tâm	
Nguy?n Hoàng T?n 	
g?m	
Mu?n ch? g?i tên em huhu	
l?n d?u xem live chj	
?	
Chào ch? <3	
Chào ch?	
Th?o Nguyên 	
Hello ch?	
Chào c tâm 	
Chào ch? tâm xinh hh	
Xinh léam ch? oiii	
.heloo ch? ??yêu	
Th?y thuong quá nè 	
Nói tên em di ch?	
Hi tâm 	
Em chào c	
Chi? ui	
G?i tên em di 	
m?t ch? tao vc	
L0n t4m	
hi	
Yeu chi	
Ði du?ng quy?n di ch?	
Ch? oiiii	
C oi c ch?n e diiiii	
Hé lô ch? ??	
Ch?c thèm	
Hi	
Nguy?n Y?n Linh	
M?t h?t sung chua ch? :))	
Cu?i mi?ng nhìn hài vãi??	
Hi ch? em v?a ms vào dc :((	
Hello ch?	
Hello Hao Nguyen	
th?y em ko chj	
Ch? oi	
Ch? Po cute nè:3333	
App tên gì v ?	
O helllooooooo	
Heloo ch?	
e chào chj	
K? :))	
helloooooo ch?	
Xem dông quá nh?	
Ch? chào em cái du?c không ????	
Ch? d? thuong quá ?	
Ch? oi chào e di	
App gì v c	
Hello con c?k ch? hello . Nghe mà ng?a háng luôn á :)))	
app j ch?	
Ho	
Mong rep ?. EM FAN CH? NHI?U L?MMMM	
Lô ch? 	
	
Heloo ch? 	
Mui xinhh =))	
G?i e di nà	
helo cj	
Helooo ch? nha????	
Ch? d? thuong x?	
Hello em dii	
Iu ch?	
Ai l?p du chu cà mo	
Ch? chào e di	
Hello Tâm nè	
Cái mui nh? quá d?	
Helo ch? 	
	
Ai mà th? ph?n n? d? v?y	
Chào em di ch? iu	
Hihi	
Ch? oii chào em di ch? 	
Hello ch?	
Ch? oi 	
Alo cj Tâm nghe rõ tl??	
Xinhh waaa	
Hi ch?	
	
Th? tym nãy h a	
Cu?i ?ng h? c tâm dyy ae :))	
Chào c nhó	
T?k á , không h? ke 	
Ði du?ng quy?n di ch?	
Accept tui ii ch?u th?y tui hong	
Khoe b?ng di ch? =))	
Hi ch? iu	
Xin ngu?iiii	
0146906635 em ch? ch? 	
Hello Hao Nguyen	
M? con diên ngáo l à:))	
I love you??	
Aop j ch?	
Nói tên em di	
=)))) chòi oiiiiii	
 Chào ch? 	
Duy Truong nói chuy?n v?i bé Tâm kìa	
Hello ch?	
Ok	
U?c dc ch? chào l?i	
E nè ch? 	
Hi	
Ch? tuy?t v?i l?m	
g?m	
App gì v ?	
Chi xinh quá	
Ch? heloo em duy :3	
Hello ch?	
cute zl ch? oi	
Chào nha	
hi cj	
Ði?u th??	
Em 2k8	
Chào ch? :3	
Vk mui b? quá ??	
Idoll ch? oi	
. Hello cj 	
Ch? d?mp léam 	
Hello e di	
Gggggg	
Hello ??	
C? s?ng là chính mình 	
Ch? rep em di	
	
Th?y ch? này xàm vl	
Hello ch?	
Ch? iu tui xinh quá	
Mui ch? b?t quá z?y???	
  Hi ch?	
Ði du?ng quy?n di ch?	
g?i d?u gùi à :((	
Helo ch?	
Hello ch? iu	
Rep iew ik ch???	
Hi ch?~	
Chào em di mà 	
Hello ch? d?p <3	
Iu ch? quá	
Ch? d? tóc  này d? thuong quá 	
Chào ch?	
Acp em v?i	
0913776249	
C c?t mái cute quá 	
Ch? em hoá nào mn	
Nó ch? soi gà ng? thôi	
Mong du?c ch? add :3	
Chào ch?y	
I l?p du chu cà mo	
Tao di an com nha Hao Nguyen	
Phan Anh Vu b?n yêu	
Nay ch? d? thuong ghê í	
Ðc luôn ch? uiiiiiii	
??????????	
Ði du?ng quy?n di ch?	
Ð?i này du?c hôn Tâm m?t l?n =))) bede cung dáng	
Thành ph?n c?a nu?c Clo?	
Hello ch?	
Lô ch? :)	
Chào em di bu?n quá	
? nhìn ch? cung xinh mà :3 	
C ÐÓNG CUFG ANH VINH THÁM T? H?	
M?i l?n nghe e nói a mu?n tiêu ch?y luôn á . Mu?n ?a lên m?t e ghê	
Ph?m Linh dzo coii	
C oii ch? chào em dii ch? ??	
=))))(	
App này d? làm gì a	
Chào ch?	
Helo ch?	
Eooo =))) 2k1 viewwww dông z? ??????	
	
G?i tên Em di ch?	
Alo 1234	
Hello Duong nè	
App này sao v?y b?n	
Ð?ng quan tâm mi?ng thúi anti nha ch? 	
Con di~ ra´c	
showw bu?m di	
:)? 	
Hi ch? tâm 	
Hé lô c ?	
Hello Hao Nguyen	
Ch?o em di hihi	
Cí mèng hình :))))	
Hello ch?	
Nay tâm xinh xiu	
Ch? cute quá? 	
Có ch?c nan j  ch?	
Eo b?o mãi Tâm không chào 	
G?i tên Em di ch?	
Ti?n H?ng Anh chào ch? d?p	
Kêu tên em di 	
Lô ch? iu	
Ðáng yêu quá	
"Ch? d? tóc này d?p quá
Cute quá ch? oi.D? thuong quá ik????.Ch? cute và d? thuong quá ch? oi"	
Ch? xinh v?y mà có nhìu ng? nói ch? x?u xí ??	
Nhu db:)))	
m?t b?t sung r nè	
Hi ch?	
Hello ch?	
C?u em v?i	
T?ng Nguyên	
????	
Ch? tâm d?p nhu cái b?n c?u dát vàng nhà em ??	
Hello	
Ch? d? thuong quá nè	
Ch? m? quá ch?, em ko nhìn th?y ch?	
S? Van	
Nay xinh hon m?i hôm	
Hello ch? nhá	
B?t d?o ii ch?	
Mèo den ?	
Hello ch?	
Ch? th? t?i app Spoon di ?	
Khánh Hòa	
Em còn nh? nhà ch?	
ch? xjnk quá tr?i luôn	
Nay ch? xinh th?	
Alo ch?	
Ai bi?t làm hoá kh z	
Chj oi alo	
K? con m? ch?	
Ch? chua rep tin nh?n em h??	
Show l?n di ch?	
Xa rang hè =))))	
Goodnight	
M?t h?t sung r?i à ? 	
Chào emmmmmmm di	
 Hello ch?	
d?o này idol  sao r	
Hello Hao Nguyen	
Hihi	
ch? oi em mê ch? l?m	
C oi em có m?y con b?n nó di an kh r? em gi? nên dánh nó kh c em t?k á	
Mèo méo meo mèo meo	
Em fan ch?	
Xinhh uaa	
G?i tên em dc hông ch? ??	
Chào em di	
Nay live nói dáng iu th? 	
Th?y ch? d? thuong quá ch?ng	
Ch? tr? l?i e diiiiiiiii	
Chào ch? 	
T?i xong có ny k ? 	
?	
Em th?y ch? xinh mà sao ngt c? nói ch?	
Kêu tên em di 	
g?i trúng con anti di cho nó ch?i ch?t d?t con m? nhà mày	1
???? 	
tóc mái xinh quá	
Ch? qu?ng cáo kem dánh rang di ? 	
ch? xjk quá	
Ói	
 Duong Minh Nguy?t??	
Ch? d? thuong quá <3 	
Ch? thanh tâm h?	
tóc mái xinh quá	
Nch nhu xua d? n?i da gà hon á???????	
chi Tam xinh que	
U?y nay Tâm xing zl ??	
Hic	
???? 	
Nguy?n Mai Phuong	
Xinh wa troii oi 	
nay gi?ng khác quá d?y	
Hello ch? Tâmm??	
tóc mái xinh quá	
Ch? oi	
T?i chi z? ?	
hi ch?	
Chào em di. Xong em t?i ap nè ??	
Chào emmmmmmmmmm :(((((	
helo ch? tâm	
ch? xinh quá	
Tao di an com nha Hao Nguyen	
Ch? chào em v?i 	
Ch? xinh ghê á	
M?nh cute quá nèkk 	
tóc mái xinh quá	
di th?m m? mui tâm oi :))	
 Ch? tâm xinh quá à ??	
Nhìn vu to v?y show vú di	
Ch? oi	
G?i e chj oi	
Chào e vs cj oi	
tóc mái xinh quá	
Ai làm bài t?p v? nhà chua 	
P? Lyyyyy , nói yêu em m?t l?n di ch? :))) 	
	
App cái lol nè . Nhìn mu?n dã m? e ghê á :)))	
Hello ch?	
	
tóc mái xinh quá	
Chào c nhó	
hi cj	
hi ch?	
Xàm 	
	
Hello cj nhaaa	
??????????	
Tr?ng dán c?n m? b?p c?n bo:)	
 Hello ch? 	
G?i tên e di c??	
iu ch? quá ik 	
tóc mái xinh quá	
hello ch?	
App j h? ch? ????? 	
mui d?p nh?	
Ch? chào e phát	
I love you pak pak	
Chào em di	
Vu Th? Kim Ngân	
tóc mái xinh quá	
Ch? chào em dii ak	
hello	
.hello cj nha	
Hi ch?	
Chào ch? 	
Ch? d?p l?m hjhjh	
L?n d?u xem livestream c?a ch?:>>>	
Chào em nekkkk	
Chj oi:((	
tóc mái xinh quá	
Hellloooooooooo	
Xinh d? d?	
	
Chào ch? 	
Ch?t di con di	1
Hello Hao Nguyen	
Hi ???? 	
E s?p thi òiiii	
Ê	
Chào ch?	
Hello ch?	
T love you cà mo	
E yêu ch? Bo ?	
	
Nay ch? xinh quá d?	
Chào tui di	
Dthw quá cj Tâm oiii?	
Chào ch? 	
Ð?p quá ch? Tâm ou	
Helo idol	
	
C có s? d?ng ko d? e còn xàm xí cùng c	
G?i tên em ik:((	
ch? nói gì d?y sao em déo nghe th?y tr?i	
Ðôi môi này sinh ra ch? d? hun Tâm hoyyyyy =))))	
ckeo cki tam	
Hello cj yêu 	
	
B?a nay ch? cute qué di thui	
Mô ph?c	
Ch? xinh quá	
Ðào Nguy?n Minh Hi?n	
An nhon 	
xinh quá ch? tâm	
Hoang Nam	
Hello ch?	
Hello v?	
Sao ko tr? l?i m? 	
T?i ? ch play 	
	
Chj oi:((	
D?o này ch? dethuong ghê á	
G?i tên em di C ??	
Mui l?n 	
Ki?m dc ng yêu ko c?	
Link app	
Lô cj	
Xàm quá má	
	
Hello ch? ??????	
Hello ch?	
Hello ch? tâmmmm	
V?y ó h? c	
Hello ch? 	
I love u	
con di bóng g?ng 	1
Uuuuuu	
Ch? xinh quá diiiii??????	
	
Gi?ng ch? ng?t 	
Hello Tâm bae	
Nay xinhqua	
Hé lô c em di ch? -_-	
tóc mái xinh quá	
Chào linh ka th? 2	
	
Móa m cung xem stream har Duong	
Hello Hao Nguyen	
Em còn nh? l?m	
	
	
Hello	
I love u	
Ch? d?p quá	
D? thuong quá cj iu 	
Ð? tóc này oke hon nèee	
Hello ch?	
Hôm nay ch? d?p quá	
ch? búi tóc xinhhh l?m luônnn?????	
Tâm d?o này xinh gheeee	
G?i di tâm	
	
Chào em dii ch? oii	
	
Xinh mà ch?c ngta ch?nh l?	
T?i v? có gh? không ch? 	
Xinh quaaaaaa	
Hi ch?y?	
Sao ch? nói chuy?n d? thuong v?y	
Hi 	
Hello cj	
Chào ch?	
Lê C?m	
Chào ch? tâm	
Add em v?i ch? huhuhuhuh	
Kha Phan	
Duong Gia B?o ch? m nè	
Chào ch? 	
"déo thích??"	
H?n hò nhu th? ko t?t dâu í	
Show vú di	
Ðau m?m sao g?i	
hello ch? Tâm xinh xinh	
H?n hò nghe mà ghê	
Ch? t?i ? ch phay dc ko	
Ch? cover l?i vid Tr?ng Rán c?n m? c?a mình di ? ??	
Mong Tâm ty? add emm	
Dô diên honggg	
-:v d?o này Po cuteee nhia	
Chào c Tâm :>>>	
Bye ch? nha	
Pé H?t Ði Thi	
??	
Hello ch?	
Say hi ch???	
P? lyyyyyyy 	
Nhìn ch? khác tren tik tok quá	
	
Hao Nguyen hell m	
Mui mabu v ch?	
?a sao ko trl tui	
Hi dô	
Chài pé	
Ch? oi di?m h có quan tr?ng n?a k v ???	
Mèo méo meo mèo meo.	
Nay bã xinh d? 	
waooo ch? xinh quá	
Mkup nhu con cac vay chi	
Con gái mà hong du?c d?o m?y má :)?	
mái này h?p l?m luôn á ch?	
Em share 20 lâ`n o`y o´	
Chào ch?iii	
Ch? d?p quá	
Ð?c tên em di chi	
?oooooo	
Chán ghê	
hellooooooooo	
Ðéo thích ?	
Th?y em khong	
Hi?n Th?c 	
hi add t di iuiu	
Hello ch?..ch? kiu tên em diii	
Thanh Tr?ng	
hii ch?	
Cute quá d? tr?i	
Hi ch?	
Ng?c Th?o Bao Ngoc Le vô di iem	
Nói yêu em di ch? 	
???? Mu?n g?i choo c có dc hemm	
hello ch? :3 ch? Tâm d?o này xinh gheee á	
 Hi ch?	
Chào e vs cj oi	
Xinh c oi	
V?y h?	
App Goodnight trên Appstore và Google Play ??	
Em thích ch? l?m	
Cj dt ghê??	
Hello ch? 	
App b? chê vl mà pr cc dm :)))) tâm l?n x?o l?n quá huhu à d?t m? này block mày ch?n tao mày do nhu chó dm :) yên tâm nha tao t?o s?n b?y b?y b?n chín cái acc d? ch?i c? h? nhà mày r?i 	1
Hi liu ch?	
Phi Y?n	
D? thuong quá nè	
Hello ch?	
Hello ch?	
Helo ch?	
Chào Tri?u di	
Ch? chào em ik	
Ok	
Hello ch???	
Chòi oi =)))) ng?i gì dâu mà dth ghê ó	
hello	
Chào ch?	
Hé lô em di ?	
	
	
Hello	
Anh yeu em	
Chào ch? ??	
ch?t ch? xinh quá	1
Hi ch? 	
Helo ch? 	
Dùng app ch?nh s?a nó m? màn hình ch? ?	
Ch? ch?o em di	
Tr?n Ng?c Minh Thu	
Hello ch? :3333	
Idol g?i tên em v?iiii	
Chào ch? 	
lô ch?y	
Chào emm di Po	
Á hello duong	
Hé lô ch? yêu ??	
Hi ch?	
Hát b?p c?n bo di e oiiiiii	
Gim tên app d?y vào 	
Ch? oi	
???? 	
App gì v?y ch?	
Hello 	
Hello ch?	
Chào em di c 	
Hello ch?	
Helo ch? yêu	
Hi cj	
Chào ch? nha??????????????????????????????????????????????????????????	
Hello ch?	
Em chào ch? yêu??	
e chào chi	
Hello ch? Tâm	
Th? có app nào d? h?n hò v?i ch? ?????? 	
Hello ch? 	
	
Hé lô ch? yê	
. ch? che cái m?t ch? l?i là nó s? th?y dc cái ap nha ch?	
Chào ch?	
Em chào ch? ?	
Chào vj	
???? 	
Hello ch?	
Goodnight nè mn	
Hi ch?	
	
Uây x?u kinh	
Hello ch?	
Ph?n cc	
Ch? an j dáng yêu th? 	
App j a ch?	
cj dáng yêu ghê akkkkkkkkkkk	
Ch? d?p nhu cái b?n c?u nhà em du?c dát vàng ????	
Chào ch? bu?i t?i	
Hello	
Ngân Nè tâm xinh ^^	
Hú ch? nò :))	
hello ch? Tâm xinh xinh	
???? 	
:v chua hé lo em 	
hellooooo	
Nhìn m?c m?t gi?ng d?o ch?y nu?c??	
Good night	
	
Ch? gi?m dc cân chua hihi	
Chào ch?	
? trên link Tâm có chia s? link download dó m?i ngu?i	
Ch? xinh quá khi?n em g?t nc m?t ??	
hello ch? Tâm xinh xinh	
haizz	
Mèo méo mèo mèo meo	
???? 	
Có app goodnight thì sao m?i ngu?i chúc em ng? ngon du?c ??????	
	
hello ch? Tâm xinh xinh	
 Ch? chào em ik	
gi?ng cute z má oiiiiiii	
Chào em di ch? oi. Yêu ch? quá tr	
	
B?o Nhi	
???? 	
Goodnight nhé!! ??	
Hello	
Em th?y r?i nè ch?	
Con diên	
	
Lô	
E t?i r?i ch? Yêu oiiiii	
hello ch? Tâm xinh xinh	
helo cj	
Ch? rep em di	
???? 	
ghét ch? vll	
Helllo cj yêu 	
Nguy?n Thu? Linh	
hello ch? Tâm xinh xinh	
dã x?u còn ngu	
Video b? l?c ngu?c tâm oi 	
Helli ch? dgái ????	
C?t mái nhìn cute qué 	
Hello ch?	
.hello cj tâm 	
T?i v? d? choi bede ? :))	
Hihi :))	
???? 	
chào êm di ch?	
he luuuuuu ch? nò	
helo thiên th?n c?a em 	
Linh idul	
Hello ch? 	
Hello cj iu	
Heloo ch? <33	
Yeahhhhh	
hello ch? Tâm xinh xinh	
Bình tinh nào mn	
Ch? ui	
Tran My Duyen vô choi v?i po kìa ch? oi	
K th?y e oi	
Tóc này em th?y xinh l?m nè!! 	
Gim vào 	
hello ch? Tâm xinh xinh	
Hello	
Hello ch?	
???? 	
Ch? oi ch? chào em v?i	
Lô cj	
mui to hon cu bò	
Add e vs	
chj dang làm j v?y	
M? quá ch? oi	
hello ch? Tâm xinh xinh	
T?i z? là có ngu?i iu h? ????????	
Iu ch?	
Có b? l?a tình kh ch?	
Hello ch?iu	
hello ch? Tâm xinh xinh	
Thành L?inh	
Hi mn	
Xinh qa c oi	
Ph?m Tr?n Thúy Vy Tr?n H?u Ngh? Lý Phúc Trung	
Sao cj ko d? tóc ng?n ??	
D? he	
??	
Nói chuy?n d?o nghe m?t l?n quá con d? súc sinh 	
Mèo méo meo mèo meo	
Chào ch?	
Helllo ch? tâm ?aaaaaaaaaaaaaaaa	
sao ch? lì quá v	
Ch? dáng yêu quá??	
Chào ch?	
Hello ch? 	
Sao th? ph?n n? v?y	
Huy Nguy?n	
Bx nay xinh gái ph?t	
Goodnight h? ch?	
t?i ch? tâm pr mà du?c 1 sao??	
Gi?ng d? thuong v?y	
Nói yêu em di :))) ????????????	
Ch? d?c tên em di	
nhu con c?c	
Ch? dep quá ??	
 Có yêu ch? dc hem ch? oi	
Yêu cj???	
Ch? oi	
appp chàooo bu?iiii t?iii à ch?	
Gem nuôi mèo phò ah ch? ?	
App Goodnight nha m?i ngu?i ??	
g?i tên emcoi	
c oii	
xin chào chúc bu?i t?i vui v?	
ch? iu	
C cmt di :v	
Ch? d? thuong quá ???	
:))	
"hi ch? tâm
chào l?i em di"	
Chào cj	
Helo ch?	
J ch? em s? b? l?a tình l?.	
Cung quá baby	
Ch? xinh mà ko ph?i bu?n cmnt x?u dâu c	
Trông ch? xinhh quá	
Chj ui chào e ik ch?	
Hj tr?ng gán	
Tien Nguyen	
T?i m?t ti?n không ? 	
Chào ch?	
Nh?n dô	
Mini game t?ng ti?n tri?u di nè	
Xinh z ta	
:v c cmt rooi ghimm lên di c	
App này d? làm j ch? 	
hello ch?	
Hi ch???	
N?ng quá	
g?i emd di	
"déo thích??"	
Helo ch?	
@Th?o Phuong	
Yêu c??	
ch? oi	
D?o tóa	
Có gì vui??	
Ðanq Q Nhu xinh quá nè 	
Hello ch? oi :)) h?i xua h?ng thích ch? g hoi b? thích c dó ??	
App dì ch	
Hello cj	
Tâm Tâm Huy Hoàng Tr?n Mai Tr?n Hoàng Minh@	
Hí lu ch? Tâm 	
Huynh Kim Oanh	
G?i cho em	
Ng?c Tú	
App này hay quá tr?i	
Hello ch?	
Chào tâm . Nhìn em d?o nhu con di :)))	1
Em chào ch? ? 	
Hi	
X?u ho?c	
cj tr? lu?i em v?i	
Ncc	
Goodnight á	
M? quá à	
Ròi có b? l?a tình hong chj	
App j v?y c	
E x?u v?y lâu chua ??	
hello ch? 	
Em d?ngg dây t? chi?u	
Mlem mlem 	
Chào b?n 	
R?nh quá à.x?u nhu chó	
Quàu	
gi?ng v?n ch?y nu?c nhu ngày nào :)	
G?i em nè ch?y iu	
Iu ch?????	
hi v?	
Ai rãnh	
Ph?m Qu?nhh ??	
Ôi nhìn ch? khác hình ghê á	
hello idol	
Chào ch?	
Ch? d? thuong quá ?	
Ch? oi	
Em chào ch? Tâm	
Ch? mui trâu m?t mâm oi, chào ch? ??	
hello chj	
Ch? chào em di ch?	
Cupnai	
hello ch?	
Cho h?i là m?y gi? r?i z?y cà anh t?c su? à anh t?c su? oi	
B?a nay cutee quá nha ch?...	
Huong Mai nói chi?n hok nè hihi	
D?o di ch?	
Hello ch?	
aaaaaaaaaaaaaaaaaaaaaa  ch? nek	
M? quá	
D?o vc c ?	
An Luong	
?????	
Bí m? mày á bí	
Ank Thu ?????	
Hello ch?	
Chào cj	
Mày x?o l?n quá ai dám h?n hò 	
H?n hò sao ch?	
C?c	
Hello ch?	
Qu?ng cáo	
Haii ch? chj chào em ik ch?	
Ch? chào e di 	
chao em 	
hillu chj tâm =))	
e chào ch?iiiiii	
Sao cj ko d? tóc ng?n 	
ms tr?c típ mà 1k6 ng òi	
Chào ch?	
Em chào ch? ??	
Fan hâm m? nè ch? oi	
E bt nè!!! ??	
Chào cj iu c?a em	
Hiii	
G?i iem nè ch?y??	
Chào ??	
anti chu?n b? vào t?n công di hihi	
:333	
Hello ch?	
Tâm mui trâu chàooo em di	
Hi ch?	
D? ch?	
?????	
Hello nha idol :)))))	
Nó h?ng b?t nett	
Hê lâu ch? oi	
Hi	
cj xinh ghia	
Ch? oi	
Helloc	
Lát ch? acp e nha :v	
Hello ch?	
Helo ch? 	
Ð th?y 	
hello ch? yêu	
M?i s?a rang hã ch?	
Hello ch? iu ??	
Nói v?i em di	
hello ch? nho :) chào e di	
Hello ch?	
Helo ch?	
Chào ch? bao nhiu t?i r	
Nói bình thu?ng di ch?	
Hít d?	
D? thw quá ch? oi	
Rep em di ch?	
Cho e n?a	
Hi ch?	
?????	
Lô ch?	
Hi ch?	
T?i ap này v? có dc h?n hò vs ch? ko	
Xinh quá ikk Lê Th? M? Trinh	
N?u ch? thì ch? nh? ch?n em nha	
Em x?u vâ	
iu ch? Tâmmm :3	
Hoàng Hà	
Hi idol. Chào e di idol	
Nh?t Tru?ng	
Chào ch?	
Yeu chi nhieu	
Hello c ??	
Ðéo ai thèm share dâu ch?	
Kh tháy	
Hát b?p c?n bo di em oiiiiii	
Hi chi	
Hi em di ch?:))	
Hi ch?	
em ko xem du?c này	
Hi ch?	
Phuong Trúc	
hello ch? Tâm xinh xinh	
chào cj	
Cmt d?c hong k?p	
Hi ch?	
Hi ch?	
Ch? oi	
App tên Goodnight h? Tâm	
hello ch? Tâm xinh xinh	
Hihi	
Hello	
Ch?iiii oiiii g?i emm diiii	
Hé lô con d? mui trâu 	
G?i cái l?n	
Hiiii	
Ch?	
lái ch? nhá	
Ng?c Quang	
Hi v?ng không t?o Drama qua live n?a :))	
Sô lô yasuooooooooooooooooo	
hello ch? Tâm xinh xinh	
Lô cj	
Chào ch???	
Hi ch?	
C xinh quá nè	
Lô cj 	
?????	
Ch?n r?i mà v?n hi?n là sao nh?	
hi ch?	
Chào cj	
Add em	
Hello c	
Ai r?nh dâu share	
chào tam	
Hello 	
Chào em di ch? oi	
	
Ðùa ch? :))) càng nhìn càng gi?ng nyc :)))))	
mong ch? add emmm :((	
Chào em di	
Hello cj tâm	
D? thuong quá em oi !!!	
? lô ;))	
Sao cj ko d? tóc ng?n ??	
Tuy?n Thanh	
H cj	
Em yêu ch? moaz moaz????	
Hello ch?	
c?t ki?u d?u bu?i h?	
aloo h? ôi	
Ch? oi bi?t cách nào làm nh? cái mui trâu du?c hông ??	
heloo ch? iuu	
Mui to v	
Thiên Thiên Huong	
Hello ch? Tâm d? thuong ?	
Hi ch?	
Hello ch?y	
Add em 	
Chào ch?	
Vy Hynh Cam Bùi Th? Qu? Chi	
Nhìn cute x?u ?	
	
ch? xinh quá	
Tuy?t Trinh	
Ch? oi rep em di	
Hello cj iuuu	
Hú lee ch? 	
Hi ch? 	
Ch? búi tóc lên xik gi?	
Idol gi?i ch?	
Acp e di tr?i oiii	
Hiii ch? Tâm mui trâu :)	
chào em di ch? iu oi :)))	
Ch? tâm oi	
Hello ch? yêuuu ???	
He lo cj ?????	
Hello ch?	
Helo	
Sô lô yasuo	
Hello ch? yêu	
Chào mình di b?n 	
Nguy?n H?ng tag for no reason	
Hello ch? , ch? hi em l?i dc ko	
Chào ch?	
hello ch?	
Hi ch?	
Hi ch?	
Gi?i thi?u app di ch? oi :>>>>	
xinh nhu ngày thu?ng	
Hi ch?	
Hello	
chào tam	
	
hello ch?	
Chào e dii :33	
Hello ch? ???	
Ói ?a	
Hello	
hi ?	
Chào ch? chào em ik	
Hi ch?	
nhu cái l?n què	
Nhìn ch? cute hon trc nhi?u lun á	
=)) ch? xinh tóe	
Sao nhìn d?p d?	
Tr?ng rán c?n m? b?p c?n gì co	
Ch? k chào em à	
Ch? b?a nay ch? cute qué di	
Chào em diii	
Chào em di ch?	
ch? Tâm xinh quáaaaa	
Hello cj yêu 	
	
?????	
hello ch? Tâm xinh xinh	
Mong cj add emm	
Bo oi bo	
Hello tâm xinh gái	
Bùi Y?n Trâm	
K? con m? mi ch?	
Chào ch? nè	
Ch? oi	
hello ch? Tâm xinh xinh	
Hello ch? tâm	
Ch? oi	
Linh Linh bé d?o nè linh	
H8i88	
Ch? oi add em v?iii hì hì	
	
Ch? làm kèo ch?i nhau v?i anh Po ti?p di ;(	
hello ch?	
sô lô yasuo ko	
Em là fan c?ng c?a ch? nha ch? Tâm oi ????	
Ð?u bu?i qu?n gi?	
Ch? có nghi cap th? thính d? em tham kh?o d? em th? thính ny	
Ch? iu oi	
H?a h?a	
App gì v Tâm	
	
hello ch? Tâm xinh xinh	
Hello ch? 	
Ch? có iu em hong?	
awww ch? Vân xinh x?o :3	
Helooo Po nha	
H? l? b?y bê ??	
hello ch? Tâm xinh xinh	
 Yêu ch? Tâm th?c s? hóng mãi	
em chào ch?	
Xinh quá tr?i oiii	
cj xinh quá hà	
Mui v?y ch?c d? th? l?m ._.	
Thu Thu	
Hôm nay ch? d?p ghê	
G?i tên em di	
Hello cj	
Hello chiiiiiiii	
Ch? xink quá ik	
Hi unnie 	
hello e	
Lô ch?	
Mong ch? g?i trúng b?n anti d? em còn có cái d? hóng??	
	
Ch? oi 	
hello ch?!	
Hello ch? iuuuuuu. ??	
Hé lô Tâm 	
chào ch? 	
d?c tên em di ch?	
Hello ch?	
D? r?i ?	
Hello ch? iu	
Ch? oi g?i tên em di	
Ch? oi add em v?iii hì hì	
n?u không mình làm 1 ly	
Xink quá 	
Hê lô ch? tâm	
Lo con cac	
Hello Po 	
chào e i hjx	
Th? Lu?t an toi chua b	
:((( ch?c quên emm r?i	
Hello ch?	
em an r?i	
C gi?ng nyc em	
!10	
Nhìn ch? cute quá ??	
	
Hello ch?	
Hé lu cj tâm:3	
Mong dc cj g?i tên em	
Ôk nhá ??	
hello mother fucker	
Thúi quá bà oi	
Ch? an t?i chua ?	
Helllu ch? iu oi	
hello ch?	
An rùi	
Ch? oi add em v?iii hì hì	
Rep em	
He lô tâm	
Ch? khen e di	
Nay ch? d? thuong quá	
E dang h?c xong k h?c n?a d? xem live c?a ch? d?y ch? ? 	
Ngô Ng?c Nhi ai s? là ng may m?n	
Chào e v?i ?!!! ??	
iu cj l?m	
Xinh xiu	
Em Ch an nè ch?	
Hello ch? nha!!!!!! 	
Chào 	
Ch? t?t pts di ch? e thích m?t m?c ch? hon	
Ch? chào em di	
Hello cj	
chào ch? :v	
Ch? an chx	
Hello ch?:))	
Dth wá d?	
Chào ch? Tâmmmm	
Hello ch?	
Chào ch?	
Hello ch? Po	
tâm oi sao lâu r?i không th?y tâm làm clip tiktok n?a v?y ?	
hello ch? Tâm xinh xinh nha	
Ch? Tâm oi	
Hi ch? tâm c?a em	
Bi?n ik má	
Hello ch? yêu	
	
D? r	
D? r?i	
Chào em duyyyy	
Hello:)(	
Em chào ch?	
Ch? add em v?i ?	
hello ch?	
:v hello ch? c?a êm	
	
Hi ch? 	
Helloo	
Ch? kiu tên e v?iiiii	
M?t h?t sung r?i h? ch?	
Ðinh Ng?c Ph?ng	
Chào c?u	
Chào e di	
Hello con di d?o??	1
Ch? Tâm oi 	
Chào e câu coi	
Cute z ch?	
t? ch?i nghe	
Yêu ch? tâm ghê ?	
cute d?	
Chào ch?	
Chào ch? g?i e díii	
ch? l?i v?i em du?c ko	
	
Helo cj	
Cute quá ch? oi	
Helo ch? iêu	
Ch? chào em diii	
Ch? oi	
Lo ch?	
hello ch?	
Ch? iu oi	
Mong 1 l?n du?c ch? g?i tên	
Ch? xinh quá	
Ch? có th?y e hom ??	
Chào ch? nhe	
E chào ch? tâmmmmmm	
Chào ch?	
Chào ch? yêu	
Hello	
Chào c	
Cute quá diiiii	
Chào ch?	
 Ch?	
222222 cj	
Y?n Linh Tr?n	
Ch?	
	
H? lô ch?	
Hello ch?	
cj iu  oi	
:)	
Heluuuu ch? iuuuu	
Nhi Lê úi ti?c cho tr? nhi vì k coi dc 	
Kêu tên e ik	
Ch? chào em di	
	
tí ch? acp e z?i huhu	
C? b? thik ch? này 	
D?o khó ch?u vl :)))	
E chào ch? Tâm	
Pooo	
Xinh quá ??	
Nguy?n Ng?c Di?m Qu?nh déo 	
	
Ch? oi ch? pr em di ch? :(((	
Cj g?i tên e ik	
Helo ch?	
hello ch? tr?ng rán =))	
Nh?t tên e di chj	
Hello ch?Taam	
hello tôn l?m	
Heloo ch?	
Chào em diii	
em chào ch?	
Chào ch? yêu	
Tóc m?i xinh quá	
Hello con di d?o	1
Pp tâm	
2 ch?	
Ki?u này nhìn xink ??	
Lê Vu Duy Công b e là fan ru?t ch? luôn lày ch? oi chào n h? e dc k <3	
Hi ch? iu chào em duyyyyyy	
Ch? yêu oiiii	
Chào ch?	
hello em	
Hellooo ch?	
Em chào ch?	
Tâm hong chào tui	
Khen em Xinh di ch? iuuuu oi moa moa	
T?t pts di ch?	
h?ng coá ai	
Hi	
Sao hôm nay ch? xinh th?	
Ch? cute quá à???	
Chào ch?	
Hello em ch? oiii	
Hellooo ch?	
Tr?n Hoàng B?o Thiênn	
Hello	
nay xinh d?y chi	
Hello rm di ch?	
hello	
Hi ch?	
Em chào ch? tâm ch? chào em di	
Hello chj iuuuu	
Hi ch? 	
Cj g?i tên ik	
Hello ch?	
Hello	
Khen e xinh di ch? iu	
Chào em di	
D? thuong quá	
Bà không di h?c à?	
Heleo ch?	
Heloo ch?	
Chào tâm	
Xem d?u nè	
Cho oiii	
Chào em di chj	
Hello ch? 	
Có em dây	
Chào ch? yêu	
Chào em di	
G?i tên em di	
Coi s?m này	
2	
E nè	
Hellu ch?	
Hello ch? iu	
3	
Hello	
Hi tâm	
hello tâm	
Hi ch? :33	
Nhu th?ng m hoan heo. Ð?i h?c ch to . 	
Không h?c không hi?u gì. Vi?t gì có ti?n thì làm không hi?u. Làm d cung làm có ti?n là du?c .	
Cung la con cho,neu duoc day bao tot no se kh an cut.neu kh duoc day no cu mghi la com xoi tat.	
Câu nói cung dã ch?ng minh du?c trình d?	
K h?c d?i h?c th?m chí c?p 3 thì k th? kh?ng dinhh ngt thi?u ki?n th?c dc. M?i ngu?i có chuyên môn có th? m?nh còn vi?c h?c nó quá t?ng quát th?m chí nhi?u lúc b?n dành th?i gian d? l?y dc m?t t?m b?ng r b?n nh?n ra nó không phù h?p v?i mình r b?n l?i làm vi?c k lq d?n cái b?n dã h?c. K ph?i h?c là sai mà là c?n ph?i bi?t h?c nhungz gì. K có khái ni?m nào ph?i h?c c?p 3 t?t nghi?p dh thì m?i thành công m?i có ki?n th?c. Ði?u h? làm k sai ch? là h? nh?n ra dam mê c?a mình s?m hon ngkh và h? h?c nh?ng gì lq d?n dam mê c?a mình ch? k ph?i th?t h?c nên d?ng dánh d?ng. Ph?i nhìn nh?n theo các khía c?nh khác nhau. Dù cho b?n h?c gi?i chua ch?c b?n dã h?c h?t dc các ki?n th?c ? ngoài kia.	
"Ð?ng h?i t?i sao b?n nghèo l?i h?c gi?i
Mà hãy h?i sao gi?i v?n nghèo"	
Th?c t? thui ch? m? gì dâu :)))	
B?n bán trôn nuôi m?m.	
Bi?t v? 1 dem 20chai chua.ki?m ra ti?n thì d? nhung ph?i d?p nhé ??????	
"Ai là hot girl. Ð?a nào công nh?n hay t? phong?
T? hot girl gi? nó nhu lá da ?"	
H?c t?o cho ngu?i ta n?n t?ng ki?n th?c nh?t d?nh m?y má hotgirl oi!	
Sao l?i ko ki?m dc d?ng nào??h? hx gi?i thì tuong lai h? cung s? thành công,s? ki?m dc bt bao nhiu là ti?n??????	
Ch? ki?m cho em d?a thi du?c 25 v?i 30 di?m mà ko ki?m du?c d?ng nào v?i	
Ðau c?n h?c dau chi c?n tìm dau gia l?y thi xong thôi 	
M?y con m?ng này dêm nào mà ch?ng d?n háng d? ki?m ti?n ch? có cái qq gì g?i là tài nang dâu ...	
C? d? d?i nó v? cho các e vài phát thì khác th?m.	
	
Dùng v?n t? có d? ki?m ti?n ch? gì?	
Ai dang m?y em h?t phân zây tr	
Ð?n khi khám b?nh g?p bác si dõm thì hãy nh? l?i nh?ng phát ngôn c?a mình nhé	
"Có ai nghi nên dánh giá l?i quy chu?n c?a cái ch? hot girl không? C? xinh xinh m?t tí là thành hot girl ????
Ôi n?u th? thì c? nu?c mình bao nhiêu là hot girl r?i ?y ch?, d?m không xu? luôn ?y. Ch? các b?n c? v? mi?ng nhu th? này thì c?ng d?ng hot boy, hot girl ngu?i ta b? kì th? d?y, s? s? có m?t ngày c? nh?c d?n hot girl hot boy ngu?i ta s? ch? dè b?u, tìm nh?ng cái x?u, tìm scandal c?a hot girl hot boy mà nói thôi ?y..."	
Ðúng mà...s?p tao m?i h?c h?t l?p 3. Ðang nuôi 2 d?a du h?c my~...3 chi?c xe hoi... nhà 4 can m?t ph?...tao d?i h?c dang làm thuê cho ba?..di dream cu`n ??	
Cha m? sinh con, tr?i sinh tu?ng	
	
Nó nói dúng mà, h?c xong 3 cái b?ng d?i h?c nhung ra ngoài du?ng ng?i bán xôi còn t? hon, không gì nh?c b?ng 	
Ðúng là ông tr?i k cho ai dc hoàn h?o	
B?i v?y m?i bi?t con gái không hon nhau ? cái m?t mà hon nhau ? cái d?u v?i nhân cách ??	
?a não dau r?i h? các em	
Ki?n th?c uber và grab nhé	
Linhka nói sai ch? nào th? m?i ng	
có s?c mà không có não	
Phát ngôn là bi?t ko có não r?i.	
Mai m?t có làm t?i cái gì chang n?a mà lí l?ch h?c chua xong l?p 10 thì cung b? di thôi, và cung t?i an h?c ch? m?i ch?ng ?y nên m?i phát ngôn ki?u dó	
Huong Trang hoi g?t nhung tao th?y Linh Ka nói dúng vl. Nam mua di?m d?i h?c ? Hà Giang r?m r? d?y	
T? bao gi? ti?n tr? thành thu?c do 1 con ngu?i v?y :?	
Chu?n không c?n ch?nh	
m?y b?n này nói dúng suy nghi mình vl	
????????Ðúng...nghèo l?i d? cho co ch?...v? v?n	
Nó nói dúng mà, cái vi?c h?c r?i di?m s? trong tru?ng l?p ch? nói lên dc cái m? gì c?	
Nh?ng ngu?i có h?c cu s? và ki?m ti?n b?ng cái d?u, hotgirl vô h?c ki?m ti?n b?ng v?n.....	
Th?t ra mình thích Linh Ka hon :))	
Cho nên không l? gì mà bây gi? có nhi?u ngu?i ti?n nhi?u mà nói ng?ng, vi?t chính t? sai be bét.	
Ai mà d?ng tình v?i m?y con não ng?n này cung ? luôn. Ðúng r?ng vi?c h?c ko ph?i là con du?ng duy nh?t d?n d?n thành công. Nhung h?c v?n luôn là con du?ng d?n ngu?i ta t?i nh?ng hu?ng di t?t cho cu?c s?ng. H?c d?t mà ki?m ti?n gi?i thì hay dó, nhung du?c m?y ngu?i? Và d?ng bao gi? c? suý cho vi?c h?c d?t nhung ch? c?n ki?m ti?n nhi?u là hay. Vì s? có nhi?u ngu?i ko theo du?i con du?ng h?c v?n hay ngh? nghi?p chân chính mà s? ch?y theo làm nh?ng vi?c không chân chính, b?t ch?p th? do?n d? ki?m ti?n. V?y xã h?i này s? phát tri?n ki?u gì?. M?y con nh? này ngoài vi?c làm trò mua vui cho thiên h? d? ki?m du?c nhi?u ti?n. Ch? có dóng góp gì t?t d?p cho xã h?i hay d?t nu?c này ko?. Nhung nh?ng ngu?i có h?c v?n gi?i s? là tuong lai cho xã h?i cho d?t nu?c. Không h?c thì l?y dâu ra bác si, ki su, chuyên viên trong nhi?u linh v?c d? ph?c v? và dóng góp cho xã h?i này phát tri?n. Hay càng nhi?u nh?ng ngu?i nhu Khá B?nh, Ðu?ng Nhu?, 5 Cam v.v thì d?t nu?c này càng giàu m?nh. Ð?ng bao gi? dùng d?ng ti?n là thu?c do giá tr? c?a m?t con ngu?i. Ti?n nhi?u thì giàu nhung n?u d?t thì ti?n nhi?u cung ch? làm giàu ch? ko có sang. D?t thì d?y con cái sau này ki?u gì? Hay d?y nó là ki?m ti?n thôi ko c?n ph?i h?c. Hãy làm m?t chi?c di?n tho?i Smartphone ch? d?ng làm chi?c di?n tho?i Vertu. Vì Vertu có d?t ti?n, nhung n?u ch? d? nghe và g?i thôi thì cung d?n lúc ngu?i ta cung ko c?n ngó ngàng t?i n?a. Và nó dã b? khai t? r?i dó. M?y con này cung v?y.	
"Linh K nó nói dúng v?
Mua di?m vào Ð?I H?C mà"	
Con nguoi sông phai co nhân cach dao duc lê nghia sông co chiêu sâu nguoi moi co gia tri.chu lam ra tiên nhiêu ma bên trong rông tet thi ko ai tôn trong dâu	
Vu Nguy?n trang c?a hi?u l?n ak	
Th? b? b?nh không có ngu?i 30 di?m ch?a cho thì nhe rang d?y, 	
Con Thanh Tâm chung th?ng qu?n lý vs Linh Ka mà, cùng 1 chiêu trò thôi	
các ch? phát ngôn vì các ch? có loz d?ng ra , ti?n nhi?u c?n gì h?c hành , nên coi thu?ng vi?c h?c mà 	
Nhung t v?n thích linh ka nh?t trong c? 3. M?i ngu?i có th? quên nhung mà ?m là nhà tiên tri vu tr?. Tiên doán ra v? án rúng d?ng c? dât nu?c VN này d?y	
co b?n vì t?i nó ko h?c n?i nên nói v?y, ông tr?i ko cho ai t?t c?, hehe, cung t?i nghi?p. 	
M?i ngày ng? m?y m?t th?ng thì c?n gì ph?i h?c b? t? nhà mày lo?i súc v?t vô h?c s?a nhi?u ?c ch?	
Các cô này giàu vì ki?m ti?n  b?ng v?n t? có c?n gì ph?i h?c.C? 2 d?u cùng r?ng	
Thu?ng m?y d?a h?c d?t m?i phát ngôn coi thu?ng vi?c h?c. 	
H?c cho l?m gi?ng nhu Bùi hi?n v?i con m? ts c? dám qu?n chúng không bi?t gì là cung xong luôn	
Ðây cung là câu nói truy?n th?ng c?a b? m? t mà t k bi?t nói ntn cho ph?i 	
các bác h?c ng ta vô h?c nhu b?n này ch?c ch?t h?t vì ai là ng nghi ra vacxin. thu?c. di?n, ô tô.xe máy.iphone cho chúng nó xài	1
.	
Ai cung nghi theo hu?ng tích c?c mà ko nghi th? th?t t? thì nó tiêu c?c vkl :)	
Ð hi?u cái d?nh nghia hot girl bh =))) Hoàng Phuong nh?	
.	
Li?u cô có ch?c sau này cô có theo k?p th?i d?i k khi mà thi?u ki?n th?c, phong d? là nh?t th?i d?ng c?p là mãi mãi, ok???	
K? m?y b?n, tui h?c k? tui? 	
Phát ngôn c?a m?y con nhãi ranh làm cave dây mà. ?c quá.	1
Nó nói theo nh?ng gi nó cho là dúng mà...tr?i ban cho nó nhang s?c nhung l?y di c?a nó cái não...không não thì nghi du?c v?y là vui r?i...	
Th?c s? h?c gi?i  h ko b?ng ki?m nhi?u ti?n là s? th?t nhung h tôi v?n b?t con tôi ph?i h?c	
B?t chu?c phát ngôn c?a Ng?c Trinh mà	
Ai công nh?n là Hotgirl v?y tr?i , th?y ch?y m?t dép	
M?t ngu?i mà óc d?t.	
Dô´t de?p  tien 0 do´  ba?n  nhu....May.con câ`u dai gia	
Có ph?i m?y em n?m trong du?ng dây gái g?i c?a m?y th?ng d?i gia ko?	
Cai loai vô hoc nay ban lô nuoi miêng	
Hot girl ch? có d?i d?u ki?u Midu, Sam... là v?a d?p v?a tri th?c. Còn dám cu?i 9x d?u 2k thì thôi. H?n em ? TDH	
Các em có bi?t có h?c và vô h?c nó khác ch? nào không , là b?n em không có não mà lu có h?c thì 1 d?u trí th?c d?y lu vô não	
Phát bi?u thi?u suy nghi !	
"No´i thi` sai be´t. 
Nhung do?c thâ´y du´ng. Nghi~ ngo?i ca`ng du´ng hon..
 Nhung m di sai be´t con duo`ng rô`i"	
Tóm l?i là cv	
"Các em này xem nh? vi?c h?c 
Hãy xem l?i d?o Ð?c và nhân cách làm ngu?i 
Các em oi có nhi?u vi?c không ph?i có ti?n là mua du?c dâu 
Hãy c?n tr?ng phát ngôn c?a mình s? gi?m di thi?n c?m v?i cdm nhé OK
"	
Uh. t?i m?y d?a di h?c m?y ch?c di?m không có làm ? ngân hàng Hai Hang Bank ah nên luong th?p	
Ch? l?y 1 áo màu xanh lam  0919034897	
th? thì di làm phò h?t di ... tháng cung ch?c tri?u d?y... 	
Nhung July con tr?ng rán x?u nh?t??	
	
Suy nghi nhu th? này thì ko hi?u b? m? các em d?y các em nhu th? nào nh?, dù các em có ki?m ti?n nhi?u nhu th? nào, nhung suy nghi c?a các em dúng ko khác gì d?u to mà óc b?ng qu? nho, n?u ko có ki?n th?c, ko có trình d? thì l?y dâu nh?ng bác si gi?i c?u ng, l?y dâu ra nh?ng ng sáng ch? ra di?n tho?i, tivi, máy tính, m?y cái app cho m?y em ch?nh s?a ?nh dây...	
M?y con này kd v?n t? có mak	
M?i ngu?i thông c?m cho em nó di nó nó nói v?i ko k?p suy nghi lên l? m?m nói thôi  gi? h?u qu? d?y thây t?i mà thôi k? :((	
Do ba m? các b?n có ti?n s?n thì gáy ki?u dó ch? gia dình bình thu?ng thì ch? có h?c m?i d?i d?i. Hi v?ng các em gái b? nghi?p qu?t s?m ? ki?p sau d? éo có ti?n n?a mà gáy. :))	
Nhi?u hot girl thu?c th? h? cu?i 9x, d?u 10x v?n còn ng?i trên gh? nhà tru?ng và v?n h?ng ngày du?c truy?n th? ki?n th?c thông qua sách v?, th?y cô.	
Phát ngôn ntn vì d?u ?c r?ng toech ch? có tý ki?n th?c tu duy nào ,, ??	
Phát ngôn hay.dúng là lo?i ít ch?	
Nói dúng còn gì mà t? ái. ?? gi? c?m t?m b?ng dh còn ph?i làm công nhân d?y	
Nó nói dúng mà ...h?c thì m?c dích cu?i cùng là ki?m ti?n ...ch? có di?u nói sai cách khó nghe thui....ph?i nói là di?m cao thì dh ch?ng d? làm gì khi ko ki?m ra du?c ti?n	
Chu?n! R?t h?p v?i Vi En( VN)	
Xí...Tr?n thanh tâm hot girl h?...??	
Hu?nh Nhu thôi si nghi l?i r, mai ngh? h?c nhá	
có ngày rang r?ng mõm sung không bi?t vì sao...??	
1,2,3 banh. ??????	
