Bànnn wo,0
Hi chị,0
 áo cj mua ở đ z,0
 Chào chị ,0
 Chị,0
 Chị chảo e diii,0
 Chị chào em ik,0
 Chị gọi tên em điiii,0
 Chị ơi chị ăn gì mà nhìn giống con gái quá zợ,0
 Chị tâm xinh quá à ,0
 Chj dễ thương quá à ,0
 Có yêu chị đc hem chị ơi,0
 Cười nhẹ thôi c ơi. Răng nó ra ngoài hết rồi,1
 Dương Minh Nguyệt,0
 hi ngưu ma vương ,0
 Hôm nay chị dễ thương quá!,0
 Mụi to như chó,1
 Tiên nữ giáng trần ,0
 Wao thần bí ghê á,0
 xinh quá chị ơi,0
 Xinhhh quá à ,0
 Yêu chị Tâm thực sự hóng mãi,0
đéo thích️,1
đéo thích️,1
. Chào e đi chị oiwwww,0
. chị che cái mặt chị lại là nó sẽ thấy đc cái ap nha chị,0
. Hello cj ,0
.chào em vs ạ,0
.hello cj nha,0
.hello cj tâm ,0
.heloo chị yêu,0
:)) đéo thích ,1
:)) mắc cười quá ,0
:v c cmt rooi ghimm lên đi c,0
:v chưa hé lo em ,0
:v cười ít thôi :v đau lắm,0
-:v dạo này Po cuteee nhia,0
:v hello chị của êm,0
:v tải roài để lại cmt... Ở đó là Trần Thanh Tâm đưa tuii đến đây có đc hemm chị ,0
:vv c cứ nói vậy... Chứ c mà gọi điện tối sướng quá mất ngủ rồi saoo ,0
=)) chị xinh tóe,0
=)) dễ thương xểuu,0
=)) dẹo dữ v chị,0
=)))) app sát Tâm được hôngggggg,0
Ai cũng nghĩ theo hướng tích cực mà ko nghĩ thử thật tế thì nó tiêu cực vkl :),1
Ai đăng mấy em hốt phân zây tr,1
Ai đồ của ý nè TrươngThị NhưÝ,0
Ai gãnhh,0
ai gọi chắc tối mất ngủ,0
"Ai là hot girl. Đứa nào công nhận hay tự phong? ừ hot girl giờ nó như lá đa ấ",0
Ai làm bài tập về nhà chưa ,0
Ai lớp du chu cà mo,0
"Ai mà đồng tình với mấy con não ngắn này cũng ạ luôn. Đúng rằng việc học ko phải là con đường duy nhất dẫn đến thành công. Nhưng học vấn luôn là con đường dẫn người ta tới những hướng đi tốt cho cuộc sống. Học dốt mà kiếm tiền giỏi thì hay đó, nhưng được mấy người? Và đừng bao giờ cỗ suý cho việc học dốt nhưng chỉ cần kiếm tiền nhiều là hay. Vì sẽ có nhiều người ko theo đuổi con đường học vấn hay nghề nghiệp chân chính mà sẽ chạy theo làm những việc không chân chính, bất chấp thủ đoạn để kiếm tiền. Vậy xã hội này sẽ phát triển kiểu gì?. Mấy con nhỏ này ngoài việc làm trò mua vui cho thiên hạ để kiếm được nhiều tiền. Chứ có đóng góp gì tốt đẹp cho xã hội hay đất nước này ko?. Nhưng những người có học vấn giỏi sẽ là tương lai cho xã hội cho đất nước. Không học thì lấy đâu ra bác sĩ, kĩ sư, chuyên viên trong nhiều lĩnh vực để phục vụ và đóng góp cho xã hội này phát triển. Hay càng nhiều những người như Khá Bảnh, Đường Nhuệ, 5 Cam v.v thì đất nước này càng giàu mạnh. Đừng bao giờ dùng đồng tiền là thước đo giá trị của một con người. Tiền nhiều thì giàu nhưng nếu dốt thì tiền nhiều cũng chỉ làm giàu chứ ko có sang. Dốt thì dạy con cái sau này kiểu gì? Hay dạy nó là kiếm tiền thôi ko cần phải học. Hãy làm một chiếc điện thoại Smartphone chứ đừng làm chiếc điện thoại Vertu. Vì Vertu có đắt tiền, nhưng nếu chỉ để nghe và gọi thôi thì cũng đến lúc người ta cũng ko cần ngó ngàng tới nữa. Và nó đã bị khai tử rồi đó. Mấy con này cũng vậy.",0
ai mà gãnhhh,0
Ai mà thả phẫn nộ dữ vậy,0
Ai rãnh,0
Ai rảnh đâu share,0
Alo 1234,0
Alo chị,0
Alo cj Tâm nghe rõ tl️,0
Alo Vân Anh (Vanh) chó aloo,1
Alo vợ ơi,0
aloo hị ôi,0
Ăn gì nhạt quá má ơi,1
An Lương,0
An nhon ,0
Ăn rùi,0
Ấn tim quá tr vẫn kh được gọi tên xem tứk kh dậy,0
"Ăn trầu phải gối lá giông, áo chị to thế bên trong có gì ???",0
Anh gì ơiii thấyu tin này add em đi :vvv,0
anh í gu mặn thật :((,0
Anh ơi hỏi chị làm mũi đâu đi anh,1
anh said: sao chị xấu thế :(,1
Anh Thanh Niên xời =)) t xem suốt nhó ,0
anti chuẩn bị vào tấn công đi hihi,0
"Áo chị đẹp quá , chị mua ở đâu v ạ ?",0
Aop j chị,0
App bị chê vl mà pr cc đm :)))) tâm lồn xạo lồn quá huhu à địt mẹ này block mày chặn tao mày dơ như chó đm :) yên tâm nha tao tạo sẵn bảy bảy bốn chín cái acc để chửi cả họ nhà mày rồi ,1
App cái đau buoi,1
App cái lol nè . Nhìn muốn dã mỏ e ghê á :))),1
App dì ch,0
App dùng sao vậy chị,0
App gì v ạ,0
App gì v c,0
App gì v chị,0
App gì v Tâm,0
App gì vậy ạ??,0
App gì vậy chị,0
App gì vậy chị,0
App Goodnight này hay quá,0
App Goodnight nha mọi người ,0
App Goodnight trên Appstore và Google Play ,0
App j ạ,0
App j ạ,0
App j ạ,0
App j ă chị,0
App j an,0
app j chị,0
App j hả chị ????? ,0
App j vậy c,0
App là j ạ,0
App nào cũng hổng bằng app sát Tâm =))),0
App nào vậy chị,0
App này chỉnh mũi được khong chị ,1
App này để làm gì a,0
App này để làm j chị ,0
App này hay quá trời,0
App này là j ạ,0
App này là j ạ,0
App này là j ạ,0
App này là j ạ,0
App này sao vậy bạn,0
App này sao vậy bạn,0
App này xài sao vậy,0
App tên gì v ạ,0
App tên Goodnight hả Tâm,0
appp chàooo buổiiii tốiii à chị,0
Are you here,0
awww chị Vân xinh xẻo :3,0
Bả dễ thương kìa,0
Bà không đi học à?,0
Bán 500 ngàn đồng quế đi chị ơi :),0
Bạn này tên gì thế mn,0
Bảo Khánh Ha Viet Anh Phuong N T Dieu Anh,0
Bảo Nhi,0
Bắt chước phát ngôn của Ngọc Trinh mà,0
bé yêu ăn cơm chưa,0
Bh để mái nhìn xinh hơn đấy,0
Bị chửi nè 100%,0
bí hiểm vlonnnn,1
Bí mẹ mày á bí,1
Bích Trí dô coi ai đồ nek,0
Biến ik má,1
Biết vụ 1 đem 20chai chưa.kiếm ra tiền thì dễ nhưng phải đẹp nhé 🤣🤣🤣,0
Bình tĩnh nào mn,0
"Bỏ cái giọng đó đi pls, nói giọng bình thường được hong?",0
Bỏ chặn cmt của t đi m :)),0
bố con răng khìa,1
Bo ơi bo,0
Bởi vậy mới biết con gái không hơn nhau ở cái mặt mà hơn nhau ở cái đầu với nhân cách ,0
Bọn bán trôn nuôi mồm.,1
Bớt dẹo,0
Bớt dẹo ii chị,0
Bớt yêu chị tâm đi mấy mé =))) tao cừ t xĩu bh,0
btvv nha cj,0
Bữa nay chị cute qué đi thui,0
Bữa nay chị Tâm xinkkk,0
Bữa nay cutee quá nha chị...,0
Bùi Diệu Hoa vào nghe chị đi em :))),0
Bùi Yến Trâm,0
Bùn cừi lắm hả,0
Bùn woaaaa,0
Buồn của ảnh ,0
Buồn cười nhò ,0
Buồn cười quá à,0
Buồn cười quá à,0
Buồn cười quá haha,0
buồn cười quá Po ơi :))),0
Buonnnn quassss,0
Bx nay xinh gái phết,0
Bye chị nha,0
C cắt mái cute quá ,0
C cmt đi :v,0
C có sử dụng ko để e còn xàm xí cùng c,0
C cute quá,0
C đọc cmt của e đi ạ ,0
C đọc tên em đi,0
C ĐÓNG CUFG ANH VINH THÁM TỬ HẢ,0
C giống nyc em,0
C gọi tên em đi,0
C nói chuyện với anh đấy về cuộc sống và đời đi chị,0
C ơi c chọn e điiiii,0
C ơi c gọi đi,0
C ơi c nhớ chờ e nha e vx chưa download đc,0
C ơi em có mấy con bạn nó đi ăn kh rủ em giờ nên đánh nó kh c em tứk á,0
C ơi sao mồm c toàn nói linh tinh kh v:))):),1
C ơi. C tắt tính năng cmt của antifan rồi hả c? ,0
C ơii,0
C ơii,0
C ơii,0
c ơii,0
C ơii chị chào em đii chị ,0
C s kh chào em v ạ? ,0
C tắt cmt của antifan rồi ạ? Huhu,0
C xinh quá nè,0
C xinh wáaaaaaaa️,0
Cặc,1
"các bác học ng ta vô học như bọn này chắc chết hết vì ai là ng nghĩ ra vacxin. thuốc. điện, ô tô.xe máy.iphone cho chúng nó xài",1
"các chị phát ngôn vì các chị có loz dạng ra , tiền nhiều cần gì học hành , nên coi thường việc học mà ",1
Các cô này giàu vì kiếm tiền  bằng vốn tự có cần gì phải học.Cả 2 đầu cùng rỗng,0
"Các em có biết có học và vô học nó khác chổ nào không , là bọn em không có não mà lũ có học thì 1 đầu trí thức đấy lũ vô não",0
"Các em này xem nhẹ việc học 
Hãy xem lại đạo Đức và nhân cách làm người 
Các em ơi có nhiều việc không phải có tiền là mua được đâu 
Hãy cần trọng phát ngôn của mình sẽ giảm đi thiện cảm với cdm nhé OK
",1
Cái dm hót gơ quận cam,1
Cai loai vô hoc nay ban lô nuoi miêng,1
Cái mũi nhỏ quá dạ,1
Cái mũi thấy cưng quá dza,1
Cái này gọi được Trần Đức Bo honggg chị ? :) ,0
Cái nết vẫn y như xưa. =)))) bớt cười cho đẹp tr,0
Cài vào chị add e được không :)),0
Càng ngày càng xấu,1
cắt kiểu đầu buồi hả,1
Cắt mái nhìn cute qué ,0
Cắt mái xong nhìn dễ nhìn hơn nè có thiện cảm 🤭,0
Câu nói cũng đã chứng minh được trình độ,0
Cc,1
chả lời với em được ko,0
"Cha mẹ sinh con, trời sinh tướng",0
CHẮC CHỊ K THẤY EM R,0
chắc đổ hết ạ,0
Chắc nhạt hơn thằng Khánh lớp tôi=))),0
chắc thấy chị chúng nó ném hết mẹ điện thoại í,0
Chắc thèm,0
chắc trên fb mỗi chị TRẦN THANH TÂM lớn nhất,0
Chài pé,0
Chán á chị ko chào em,0
Chán ghê,0
Chặn rồi mà vẫn hiện là sao nhỉ,0
Chán vl ra ,1
Chẳng ai quan tâm chị nói j ngoài ngắm chị xinh đâu :)))))))) ,0
Chào chị,0
Chào chị ,0
Chào chị bao nhiu tủi r,0
chào chị bt kiếm ra tiền,0
Chào chị buổi tối,0
Chào chị chào em ik,0
Chào chị dễ thương ,0
Chào chị em đứng đây từ hồi nãy,0
Chào chị gọi e díii,0
Chào chị ldol,0
Chào chị nè,0
Chào chị nhaaaaaa,0
Chào chị nhaaaaaa,0
Chào chị nhe,0
Chào chị ơi chào lại lần 2,0
Chào chị Tâm,0
Chào chị tâm,0
Chào chị Tâm ,0
Chào chị tâm xinh gái  ha,0
Chào chị tâm xinh hh,0
Chào Chí Tâm yêu dấu,0
Chào chị Tâmmmm,0
Chào chị ui nè hihi,0
Chào chị yêu,0
Chào chị yêu,0
Chào chị yêu,0
Chào chị yêu ,0
Chào chịiii,0
Chào chj,0
Chào chj thanh tâm,0
Chào chụ,0
Chào chụy,0
chào chụy,0
Chào chụy,0
Chào chụy :3,0
Chào cj,0
Chào cj,0
Chào cj,0
Chào cj,0
Chào cj,0
Chào cj,0
chào cj,0
Chào cj,0
Chào cj iu của em,0
chao cj tam,0
Chào cjh,0
Chào cjj,0
Chào cjj,0
Chào e câu coi,0
chào e đi,0
chào e đi,0
Chào e đi,0
chào ê di,0
Chào e đi c iuuu,0
Chào e đii :33,0
chào e điiiii,0
chào e i hjx,0
Chào e với ạ!!! 😊,0
Chào e vs chị ơi,0
Chào e vs chị ơi,0
Chào e vs chj ơi,0
Chào e vs cj ơi,0
Chào e vs cj ơi,0
chao em ,0
CHÀO EM CÁI,0
Chào em cái đi chị tâm ,0
Chào em cái điiiiiiiiiii,0
Chào ị,0
Chào idol,0
Chào linh ka thứ 2,0
Chào mình đi bạn ,0
Chào mình nào :))),0
Chào Nguyễn Hồng Minh :))),0
Chào nha,0
Chào nói tên em đi chị,0
Chào po,0
chào tam,0
chào tam,0
chào Tâm,0
Chào tâm,0
Chào tâm,0
"Chào Tâm , anh yêu em :))",0
Chào tâm . Nhìn em dẹo như con đĩ :))),1
chào tâm nhó,1
Chào Triều đi,0
Chào Trường,0
Chào tui đi,0
Chào tui với bà,0
Chào vj,0
Chàooo em đi chị :(((,0
Chàooo em điii chị,0
Chaot chị,0
Chấp nhận lời mời e ik chị,0
Chấp nhận lời mời e ik vhij,0
Chất lượng thấp vl,1
che răng chị ơi ,0
Cheo e cái đi chj,0
chết chế xinh quá,1
Chết đi con đĩ,1
Chết đi địt mẹ mày,1
Chết r c ơi máy e còn có 1% thôi mà ko thấy sạc đâu cả,1
Chị,0
Chị,0
chị à,0
Chị add e đii🙆‍♀️,0
Chị add em với ạ,0
Chị ăn chx,0
Chị ăn j đáng yêu thế ,0
Chị ăn muối zô cho đỡ nhạt nha chị ,0
Chị ăn tối chưa ạ,0
Chị bị điên hong c ,0
Chị biết võ thuật trung hoa k ạ,0
Chị bớt dẹo may ra e còn thích chị 🥴🥴,0
Chị bữa nay chị cute qué đi,0
Chị búi tóc lên xik giữ,0
chị búi tóc xinhhh lắm luônnn🙆‍♀️,0
chị cắt mái xấu vc,1
Chị cắt tóc mái xinh quw,0
Chị cc,1
Chị chả chào em luôn,0
Chị chưa rep tin nhắn em hỏ?,0
Chị chúc em học đậu đi chị,0
Chị chúc em mai học giỏi ,0
Chị có định sửa mũi k chị,0
chi co hoc thay huan ko a,0
Chị có iu em hong?,0
Chị có lm tiktok nx à,0
Chị có lo học đâu mà khuyên người tar :((,0
Chị có nghĩ cap thả thính để em tham khảo để em thả thính ny,0
chi co phai Tran Duc Bo hong?,0
Chị có thấy e hơm ạ?,0
Chị có thấy em ko,0
chị có youtube ko cj,0
chị còn trẻ trâu k?,0
Chị cover lại vid Trứng Rán cần mỡ của mình đi ạ ,0
Chị cứ gọi đi ạ '-',0
Chị cũng có xấu như trong hình đâu nhỉ?,0
Chị cười cái mà e tắt nứng luôn ớ . Thâu c khép miệng dùm e cái :)),1
Chị cười cute sao phải che miệng zị,0
Chị cười tự nhiên ghê taaa :)),0
Chị cười xinh quá.đừng cười nữa,0
Chị cute quá ,0
Chị cute quá à,0
chị cute qué :((,0
Chị đáng yêu,0
Chị đáng yêu quá,0
Chị đáng yêu quáaaa,0
Chị dễ thương quá ,0
Chị dễ thương quá ,0
Chị dễ thương quá ,0
Chị dễ thương quá .,0
Chị dễ thương quá <3 ,0
Chị dễ thương quá nè,0
Chị dễ thương xế,0
Chị để tóc  này dễ thương quá ,0
"Chị để tóc này đẹp quá
Cute quá chị ơi.Dễ thương quá ik  .Chị cute và dễ thương quá chị ơi",0
Chị đẹmp léam ,0
Chị đẹp kinh á,0
Chị đẹp lắm hjhjh,0
Chị đẹp như cái bồn cầu nhà em được dát vàng ,0
Chị đẹp quá,0
Chị đẹp quá,0
Chị đep quá ,0
Chị đọc tên em đi,0
Chị đóng phim gì zậyyy ?,0
Chị đừng cười gượng nữa là xinh lắm nhaa c hihi,0
Chị đừng cười nữa mà :(,1
Chị êiiiiii,0
Chỉ em đi ạ,0
Chỉ em hoá nào mn,0
Chị giảm đc cân chưa hihi,0
chi giup em lam kiem tra GDCD voi chi oi,0
Chị gọi e ik,0
Chị gọi ik,0
chị gọi tên e đi 1 lần hoy,0
Chị gọi tên em di,0
Chị gọi tên em đi,0
Chị gọi tên em đi chị,0
Chị gọi tên em đi chị,0
Chị gọi tên em đi chị iuu,0
Chị hài quá c ơi :),0
Chị hello e đi III,0
Chị heloo em đuy :3,0
Chị helooo e đi,0
Chị hilu em đuy,0
chị học đại học gì vậy ạ ,0
chị học đại học gì vậy ạ ? ,0
chi hoc gdcd dc ko a,0
chi hoc gdcd di chi oi,0
Chị hongg chào,0
Chị hợp kiểu tóc này quá chòi luônnm,0
Chị ít ra tik quá chị,0
chị iu,0
Chị iu ơi,0
Chị iu ơi,0
Chị iu ơi rep em vs,0
Chị iu tui xinh quá,0
Chị iu xinh ghê ,0
Chị k chào em à,0
Chị kêu tên em đi,0
Chị khen e đi,0
Chị khép mồm vào một chút được hum ạ,1
Chị kiếm cho em đứa thi được 25 với 30 điểm mà ko kiếm được đồng nào với,0
chị kiu tên đi,0
Chị kiu tên e vớiiiii,0
chị ko chào em nghỉ chơi chị lun,0
chị ko chàoem,0
Chị ko thấy e luôn,0
Chị là thanh tâm hả khác dữ,0
Chị làm gì thế,0
Chị làm kèo chửi nhau với anh Po tiếp đi ;(,1
Chị làm thử thách ngậm miệng lại trong 30s đk ,1
Chị lấy 1 áo màu xanh lam  0919034897,0
"Chị mũi trâu mặt mâm ơi, chào chị ",1
Chị nay xinh quá ,0
Chị nói chuyện nghe như lồn chệch dưới mương,1
chị nói chuyện nhạt quá,1
chị nói chuyện từ từ thôi,0
chị nói gì đấy sao em đéo nghe thấy trời,0
Chị nói tên em đi,0
Chị nói xong chưa chào em đi -)),0
Chị ở gia lai hả,0
Chị ơi biết cách nào làm nhỏ cái mũi trâu được hông ??,1
chị ơi cchị chúc a11 thi đỗ c3 được k ạ,0
Chị ơi chào e đi,0
chị ơi chào e đi',0
Chị ơi chào e với,0
Chị ơi chào em đi,0
chị ơi chào em đi chị,0
Chị ơi chị chào em nói tên em đi😭😭😭,0
Chị ơi chị chào em với,0
Chị ới chị gọi tên em đi ạ em stand chị lâu rồi á,0
Chị ơi chị pr em đi chị :(((,0
Chị ơi chị thấy em không em lần đầu xem live chị nè ,0
chị ơi chúc a11 thi đỗ c3 được k ạ,0
Chị ơi có phải đăng nhập j ko ủa r nhiều fan ko trả lời em hả ,0
Chị ơi con Lam Ngăn nó lo coi livestream của chị ko thèm học bài kìa chị chửi nó ik >:(,1
chị ơi con Nhật Hạ bạn em nó cứ thích chơi les với chị ý cứ nhìn thấy chị là cái lồn nó giật giật 8 phía chị nói với nó là chị không thích gái lùn đi chị😢,1
Chị ơi điểm h có quan trọng nữa k v ạ🤧,0
Chị ơi em chào chị ,0
chị ơi em có nhỏ bạn tênYến Nhi nó xạo xạo quá thì sao chị ,1
chị ơi em mê chị lắm,0
Chị ơi em yêu c,0
Chị ơi em yêu chị,0
Chị ơi em yêu chị,0
Chị ơi em yêu chị,0
chi oi giup em lam GDCD VOI A,0
chi oi giup em lam kiem tra giao duc cong dan voi,0
Chị ơi gọi tên em ️,0
Chị ơi gọi tên em đc ko,0
Chị ơi gọi tên em đc ko,0
Chị ơi gọi tên em đi,0
Chị ơi gọi tên em điiiii🤣 ,0
Chị ơi heloo e nè,0
Chị ơi kêu tên e đi,0
Chị ơi kêu tên em đi,0
Chị ơi kiu e 1 lần thoi,0
Chị ơi kiu e 1 lần thoi,0
Chị ơi kiu tên em đi:((,0
Chị ơi lâu rồi chị mới xuất hiện em ngóng chị quá tr 🤩,0
Chị ơi nhìn chị hay quá,0
Chị ơi răng bay như mưa rồi kia ,0
Chị ơi rep em đi,0
Chị ơi thấy em không huhu,0
Chị ơi trả lời em,0
chị ơi xinh xỉu hốt em điiiii,0
Chị phát ngôn mất dậy ghê,1
Chị Po cute nè:3333,0
"Chi PO ko chào em, dối",0
Chị Po ơi giọng chị dễ thương xỉu lun á,0
Chị quảng cáo kem đánh răng đi ạ ,1
Chị rep em đi,0
Chị rep em đi,0
Chị revieww gì đấy :3,0
Chị tải ở ch phay đc ko,0
CHỊ TÂM,0
Chị tâm,0
Chị Tâm ,0
chị tâm addfr e đc hem ,0
chị tâm addfr e nhoa,0
CHỊ TÂM CUTE REP EM Ạ,0
Chị tâm dễ thương quá,0
Chị Tâm dẽ thương quá à,0
Chị tâm đẹp như cái bồn cầu dát vàng nhà em ️,1
Chị Tâm geloo em đi ạ,0
Chị Tâm hello em đi ạ,0
Chị Tâm hello em đi chị,0
Chị Tâm hello em điiiiiiiiiiii,0
Chị tâm hô biến cho trời mát đi chị,0
chị tâm livestream tới mấy giờ vậy chị,0
chị tâm mũi bự ơi,1
Chị tâm ngại ,0
Chị Tâm nghe giọng dễ thương xỉu,0
Chị Tâm nhà mình xinh thế,0
Chị tâm ơi chào em dc ko,0
Chị tâm tối nay xinh quá điiiiii ,0
Chị tâm xinh mà sao anti cứ nói chị mập mặt sưng nhỉ ?,0
chị Tâm xinh quá,0
chị Tâm xinh quáaaaa,0
chi Tam xinh que,0
Chị tâm xinh thế,0
Chị Tâm🥰🥰🥰🥰🥰🥰🥰🥰🥰🥰🥰🥰🥰🥰🥰🥰,0
Chị tắt pts đi chị e thích mặt mộc chị hơn,0
Chị thanh tâm hả,0
Chị thanh tâm hả chị,0
chị thi bao nhiêu điểm đại học?,0
Chị thử tải app Spoon đi ạ,0
Chị trả lời e điiiiiiiii,0
Chị tuyệt vời lắm,0
Chị ui,0
Chị ưi,0
Chị ưi em chưa tải xong,0
Chị xinh gái,0
chị xinh gái nè,0
Chị xinh ghê á,0
Chị xinh mà ko phải buồn cmnt xấu đâu c,1
Chị xinh vl,1
Chị xink quá ik,0
chị xjk quá,0
chị xjnk quá trời luôn,0
Chị yêu ơi,0
Chị yêu ơiiii,0
chị Yêuuuuuuu của emmm,0
Chịiiii ơiiii gọi emm điiii,0
chj đang làm j vầy,0
Chj ơi add e đi,0
Chj ơi alo,0
Chj ơi:((,0
Chj ơi:((,0
Chj ưi chào e ik chị,0
"Chj xih quá , yêu chj",0
chj xinh quá,0
Cho e nữa,0
Cho hỏi là mấy giờ rồi zậy cà anh tắc suỳ à anh tắc suỳ ơi,0
Cho mượn chục triệu đi biển bạn ơi,0
"Cho nên không lạ gì mà bây giờ có nhiều người tiền nhiều mà nói ngọng, viết chính tả sai be bét.",1
cho nó nhìn răng đáng yêu của chị đi ạ,1
Cho oiii,0
cho xem mũi nữa ạ,1
Chòi oi =)))) ngừi gì đâu mà dth ghê ó,0
Chòi oi chòi oi,0
Chời ơi t nhứt đầu quá chờii,0
"Chòi ôi
Tui thik làm anh ó quw😿",0
chời sửa mũi đou vậy chị,0
choii oi,0
choii oiii,0
Chốt đơn hi,0
"Chữ mờ quá chị, em ko nhìn thấy chữ",0
Chuẩn không cần chỉnh,0
Chuẩn! Rất hợp với Vi En( VN),0
Chút cj gọi cho e đi,0
Cí mèng hình :)))),0
Cị ơii xinh quá,0
Cj chào e vs,0
cj có youtube ko cj,0
cj đáng yêu ghê akkkkkkkkkkk,0
Cj đẹp lắm ak,0
Cj dt ghê️,0
Cj gọi tên e ik,0
Cj gọi tên em đc ko,0
Cj gọi tên ik,0
cj iu  ơi,0
cj ở 1 mk ạ,0
cj ơi gọi tên e,0
Cj ơi gọi tên em đi ạ,0
cj oii gọi tên em cj oi,0
cj tam mo ho,0
cj tâm ơi,0
cj tâm ơi đọc bình luận em ik,0
cj trả lười em với,0
cj xinh ghia,0
cj xinh quá hà,0
"Ckào ckị iem đứng đây từ ckiều, mũi ckị xinh quạ cho iem làm wen được khongg?",1
ckeo cki tam,0
ckj đou coá nhẹt đou ckj mặn wa,0
Clm nghe giọng ngứa đít vl =)),1
Cm,1
Cmt đọc hong kịp,0
"Có ai nghĩ nên đánh giá lại quy chuẩn của cái chữ hot girl không? Cứ xinh xinh một tí là thành hot girl ạ???
Ôi nếu thế thì cả nước mình bao nhiêu là hot girl rồi ấy chứ, đếm không xuể luôn ấy. Chứ các bạn cứ vạ miệng như thế này thì cộng đồng hot boy, hot girl người ta bị kì thị đấy, sợ sẽ có một ngày cứ nhắc đến hot girl hot boy người ta sẽ chỉ dè bỉu, tìm những cái xấu, tìm scandal của hot girl hot boy mà nói thôi ấy...",1
Có app goodnight thì sao mọi người chúc em ngủ ngon được ??????,0
"cơ bản vì tụi nó ko học nổi nên nói vậy, ông trời ko cho ai tất cả, hehe, cũng tội nghiệp. ",0
cô bé mũi trâu,1
Có bị lừa tình kh chị,1
Có chức năn j  chị,0
có đọc cmt k e. sao thờ ơ v,0
CÓ ĐỤ QUA APP ĐƯỢC KHÔNG CHỊ,1
Có em đây,0
Có gì vui,0
Có lố quá khong chị yêu,1
có ngày răng rụng mõm sưng không biết vì sao...,1
Có phải mấy em nằm trong đường dây gái gọi của mấy thằng đại gia ko?,0
có sắc mà không có não,1
Coi sớm này,0
Coi vì hóng drama coi cái mỏ nó có hỗn hay k thôi,0
con đĩ,1
con đĩ bóng gồng ,1
Con đĩ mẹ mày chứ ghép đôi,1
Con đĩ rác,1
Con điên,1
Con điên,1
Con điên. Ns thì ns mẹ đi. Cười nh con điên,1
Còn em thì tan trong bo bo bo bo bo bo bo bo bo bo bo bo bo bo bo bo bo bo bo bo bo bo bo bo bo bo bo bo bo bo ,0
Con gái mà hong được dẹo mấy má :)?,0
Con lồn điên,1
con lợn xấu thế,1
Con ngố l,1
Con ngố l,1
Con ngố l,1
Con nguoi sông phai co nhân cach đao đuc lê nghia sông co chiêu sâu nguoi moi co gia tri.chu lam ra tiên nhiêu ma bên trong rông tet thi ko ai tôn trong đâu,0
"Con Thanh Tâm chung thằng quản lý vs Linh Ka mà, cùng 1 chiêu trò thôi",0
Cứ bị thik chị này ,0
Cứ để đời nó vả cho các e vài phát thì khác thấm.,0
Cứ sống là chính mình ,0
"Cung la con cho,neu duoc day bao tot no se kh an cut.neu kh duoc day no cu mghi la com xoi tat.",0
Cũng nhiều kiểu người qua nhờ :),0
Cưng quá baby,0
"Cũng xinh, cũng cute :))))",0
Cười ,0
Cười cl j z ,1
Cười ít thôi Tâm ơi răng đập vào màn hình vỡ màn hình đt thay tốn tiền lắm nè. ,1
Cười mà niễn 1 bên luôn nè ,1
Cười miệng nhìn hài vãi🥴,1
cười muốn gớc nước mắt chị ơii,0
Cười nhe hết cả răng ra,1
Cười như condien vậy ấy :)) ai kêu chặn cmt tao ,1
Cười quá tr cười,0
Cười ủng hộ c tâm đyy ae :)),0
Cười vậy là chết em r,1
Cười vì lí do j??? ,0
"Cười vừa thôi ,toác con mẹ nó lợi ra kìa",1
Cupnai,0
cút :),1
Cute awwwww :3,0
cute dạ,0
Cute quá chị ơi,0
Cute quá dị trời,0
Cute quá điiiii,0
Cute quá trời ơi dễ thương ghê nơi á,0
Cute z chị,0
cute zl chị ơi,0
Cứu em với,0
Cx ok,0
Đ hiểu cái định nghĩa hot girl bh =))) Hoàng Phương nhỉ,0
"Đã là antifan thì tốt nhất nên rời khỏi đây, đã ko thik họ r mà cứ zô chửi. Người đời gọi đó là bệnh thần kinh, cần đưa vài 93 Nguyễn Lương Bằng ",1
đã quá,0
đã xấu còn ngu,1
Đặng Công Danh,0
Đang định tải mà Thấy chị tâm tải là mình đéo muốn tải nữa lun á,0
Đáng yêu quá,0
Đanq Q Nhu xinh quá nè ,0
Dạo này chị dethuong ghê á,0
dạo này idol  sao r,0
Dặt dẹo quá,0
Đầu Bùi,0
Đầu buồi quấn giẻ,0
Đau cần học đau chi cần tìm đau gia lấy thi xong thôi ,0
Đau mồm sao gọi,0
Đây cũng là câu nói truyền thống của bố mẹ t mà t k biết nói ntn cho phải ,0
Dạy đó hẻ,0
Đây là app j vậy chị em vào muộn em ko bt á chị,0
Đc chị hello luôm,0
Đc luôn chị uiiiiiii,0
dcmmm ,1
Để em tải,0
Để em tải ,0
Dễ sương quấ à,0
Dễ thương quá,0
Dễ thương quá cj iu ,0
Dễ thương quá em ơi !!!,0
Dễ thương quá máaaaa,0
Dễ thương quá nè,0
Dễ thương quá ỏ,0
de thuong z️️,0
Dễ thw quá chị ơi,0
Để tóc này gọn mặt nhìn xinh hơn,0
Để tóc này oke hơn nèee,0
Để tóc như này xinh gái quá,0
Đến khi khám bệnh gặp bác sĩ dõm thì hãy nhớ lại những phát ngôn của mình nhé,0
Dẹo ,0
Dẹo :)),0
Đéo ai thèm share đâu chị,1
Dẹo chảy nước,0
Đéo có j buồn cười mà vẫn cười :)),1
Dẹo đi chị,0
Dẹo giữ ạ,0
Dẹo giữ ạ c,0
Dẹo khó chịu vl :))),1
ĐÉO RẢNH,1
Đeo thả tym,1
Đéo thích ,1
Dẹo tóa,0
Dẻo vc c ạ,0
Đẹp quá chị Tâm ơu,0
Đi đường quyền đi chị,0
Đi đường quyền đi chị,0
Đi đường quyền đi chị,0
Đi đường quyền đi chị,0
Đi đường quyền ko chị Tâm??,0
Đi đươngg quyền đu Po,0
Đi lạc đâu zô đâyy gặp aii cute quá,0
Đi mà chị,0
đi thẩm mỹ mũi tâm ơi :)),1
Điện em với,0
đieu thay on luon,0
Điệu thế?,0
Đinh Đạt,0
Đinh Ngọc Phụng,0
Địt mẹ con phò mặt to như cái lỗ lồn,1
Đm c,1
dm đọc cmt cười dcd,1
Đm xấu vcc,1
Do ba mẹ các bạn có tiền sẵn thì gáy kiểu đó chứ gia đình bình thường thì chỉ có học mới đổi đời. Hi vọng các em gái bị nghiệp quật sớm ở kiếp sau để éo có tiền nữa mà gáy. :)),1
Dô coi idol live ne Nancy My :))),0
Dô diên honggg,0
Đó là tác hại của việc chơi đá,0
Đỗ Phương Nhung vào xem cho nhiều view,0
Đỗ Thu Uyên,0
Đọc tên đi,0
Đọc tên e đi c ,0
Đọc tên em đi chi,0
đọc tên em đi chị,0
Đôi môi này sinh ra chỉ để hun Tâm hoyyyyy =)))),1
Đời này được hôn Tâm một lần =))) bede cũng đáng,0
Dốt đẹp  tien 0 đó  bạn  như....May.con cầu đai gia,0
Dth quá chị tâm ơi ,0
Dth wá dợ,0
Dthw quá cj Tâm ơiii,0
Dù ai nói ngã nói nghiêng thì chị vẫn xinh nha ,0
Đụ mẹ,1
Dù mọi người có  xa lánh em thì chị vẫn đứng về phía mọi ngừoi mà  em yên tâm nha ,0
Dù thế nào đi nữa em vẫn đứng về phía chị chị mỹ tâm ạ,0
Đùa chứ :))) càng nhìn càng giống nyc :))))),0
Duc Anh Nguyen,0
Dui ccg,0
Dui quá ha :) ,0
Dùng app chỉnh sửa nó mờ màn hình chị ạ,0
Đừng bỏ em mà,0
"Đừng hỏi tại sao bạn nghèo lại học giỏi
Mà hãy hỏi sao giỏi vẫn nghèo",0
Đúng là ♀️,0
Đúng là ông trời k cho ai đc hoàn hảo,0
Đúng mà...sếp tao mới học hết lớp 3. Đang nuôi 2 đứa du học mỹ...3 chiếc xe hơi... nhà 4 căn mặt phố...tao đại học đang làm thuê cho bả..đi dream cùn ,0
Dung Nguyen,0
Đừng quan tâm miệng thúi anti nha chị ,0
Dùng vốn tự có để kiếm tiền chứ gì?,0
Dương Gia Bảo chị m nè,0
Dương Thị Thanh Nhàn,0
Duy Trương nói chuyện với bé Tâm kìa,0
E bt nè!!! 😊,0
e chào chi,0
E chào chị,0
E chào chị ,0
E cùng họ với chị này ciuuuu tên iemmmmm đi :33,0
E đang học xong k học nữa để xem live của chị đấy chị ạ ,0
E đứng đây từ chiều,0
e là fan cuồng cj nè cj iu oi,0
ế lô ;)),0
E mới xem live c ạ ,0
E sắp thi òiiii,0
e tải dc òi,0
E tải gòi :333,0
E tải gòi nè ><,0
E tải rồi chị Yêu oiiiii,0
E tải về rồi nè ,0
E xấu vậy lâu chưa 😁,1
E yêu chị Bo ,0
em  hoc thay huan ko hieu,0
Em 2k8,0
em ăn rồi,0
em bảo chị đừng cười nữa mà,1
Em Ch ăn nè chị,0
em xạo loz ak,1
Em xấu vậy,1
Em yêu chị moaz moaz🥰💜,0
"Em yeu chi nhieu, chuc chi thanh cong trong cuoc song",0
Eo bảo mãi Tâm không chào ,0
éo hiểu kiểu gì,1
Eoo ôiii ,0
Eooo =))) 2k1 viewwww đông zị ,0
"Fan chị mà Lo học chi, ráng thi 15đ để kiếm ra tiền giống chị",0
Fan hâm mộ nè chị ơi,0
Filler bị tràn à :) mũi to thế,0
gap anti fan chac tao cuoi ia Huỳnh Như Yến Ngọc,0
Gem nuôi mèo phò ah chị ?,0
ghét chị vl,1
Gì dị má ,0
Gia Nghi,0
Gim tên app đấy vào ,0
Gim vào ,0
Giờ này dô đây thấy toàn yêu chị Tâm. Tao mắc cười vl =))))),1
Giới thiệu app đi chị ơi :>>>>,0
Giọng c cute ghê á. C gọi tên e ik:(,0
Giọng c cute quá à,0
Giọng chị dễ thương ,0
Giọng chị dễ thương quá à,0
Giọng chị dễ thương quá 🌸🌸🌸,0
giọng chị lạ hơn hôm bữa,0
Giọng chị ngọt ,0
Giọng chị Tâm nghe dễ thương quá chời,0
"Giọng chị Tâm nghe dễ thương quá chời, dễ thương hất sức, dễ thương xỉu",0
Giọng cj hay quá🙆,0
giọng cute quạ UwU,0
giọng cute z má ơiiiiiii,0
Giọng dễ thương vậy,0
giọng vẫn chảy nước như ngày nào :),0
Gọi  em ik chị iuuu,0
Gọi cái lồn,1
Gọi cho em,0
Gọi cho em đi chị :> ,0
Gọi cho em ik,0
Gọi chô emm nè,0
Gọi chung khi đóng phim thì hãy cố gắng lên nhé,0
gội đầu gùi à :((,0
Gọi đi,0
Gởi đi tâm,0
Gọi điện cái lol nè ai đâu thèm gọi  :))),0
Gọi điện làm lồn gì :(((,1
Gọi em nè chụy iu,0
gọi trúng con anti đi cho nó chửi chết địt con mẹ nhà mày,1
Gọiiii tênnn em điii hiccc hiccc,0
gớm,1
gớm,1
Good night,0
Goodnight,0
Goodnight á,0
Goodnight hả chị,0
Goodnight nè mn,0
Goodnight nhé!! 😊,0
Gu ông này mặn zữ,0
H gọi luôn đi c ơu,0
Hà Bích HợpBích,0
Ha ha ha buồn cười quá ,0
Ha ha ha x3.14 ,0
hà luuuuuuuuuu,0
hà luuuuuuuuuuuuuuuuuuuuuuuuuuuuuuuuu chị,0
Haha buồn cười ghê :),0
hahaha :) ,0
Hahahahahaha mắc cười quá ,0
Haii chị chj chào em ik chị,0
haizz,0
hạnh phúc quá,0
Hao Nguyen hell m,0
Hát bắp cần bơ đi e ơiiiiii,0
Hát bắp cần bơ đi em ơiiiiii,0
Hay em,0
Hê lâu chị ơi,0
hế lo,0
Hề lố bầy bê 😚,0
Hé lô c ạ,0
Hé lô c em đi chị -_-,0
hé lô c po,0
Hế lô chào mừng các streamer đến với trải nghiệm bị con gái đì top hight lí huyền thoại còn sợ tôi thì các ông đã là cái quáii gì cảnh bảo người đồng đội cũ hay cẩn thận đi vì điểm yếu của ôg tôi nắm chắc cái tàu thuyền hãy vào bờ ngay đi không thì hải đăng sẽ thành hải đắc............,0
Hé lô con đỹ mũi trâu ,0
he luuuuuu chệ nò,0
Hello chị ơi :)) hồi xưa hỏng thích chứ g hơi bị thích c đó ,0
Hello chị yêu đitme chị,1
Hello con cặk chứ hello . Nghe mà ngứa háng luôn á :))),1
Hello con đĩ dẹo,1
Hello con đĩ dẹo😳,1
hello cưng,0
Hello em với chị ơi,0
Hello HaHaHaHa,0
Hello hị,0
hello idol,0
hello mother fucker,1
Hello nha idol :))))),0
Hello Po ,0
Hello rm đi chị,0
hello tâm,0
Hello Tâm bae,0
Hello Tâm nè,0
Hello tâm xinh gái,0
Hello thấy tiền bối hong nhỉ,0
hello tôn lầm,1
Hey chào conn điên,1
Hiii chị Tâm mũi trâu :),1
hk pts mũi nua ha,1
Hkậu Blem Hân Gia Bao Anh Ngo Nky Mlem Nhii Hongg gọi điện nè máy em,0
Ho,0
Hô còn nói nhiều :)),1
Hơ hơ mắc cười quá chị ơi :),0
Hở lợi kìa,1
Hô vl,1
Học cho lắm giống như Bùi hiền với con mẹ ts cả đám quần chúng không biết gì là cũng xong luôn,0
hoc dao duc hoc lam nguoi chi oi,0
Học tạo cho người ta nền tảng kiến thức nhất định mấy má hotgirl ơi!,0
hỏi chấm xưng CHỊ ??,0
Hok có gì mắc cười ,0
Holle,0
Hôm chị ăn cơm vs trứng hả,0
Hôm nay chị đẹp ghê,0
Hôm nay chị đẹp quá,0
hôm nay chị quên đánh khối  à múi to quá trời hay chị bị ốm mũi nó bị sưng ạ 😣😣,1
Hôm nay chị xinh thế :)),0
hỗn đi ,0
Hong á ,0
hóng chung,0
hổng coá ai,0
Hồng Đào Vô nứng l nè,1
"Hot girl chỉ có đời đầu kiểu Midu, Sam... là vừa đẹp vừa tri thức. Còn đám cuối 9x đầu 2k thì thôi. Hẹn em ở TDH",0
Hú chị nò :)),0
Hú lee chị ,0
Hựa hựa,0
Hưng Roé đấy lại bảo Tâm kh xinh đi 🥴,0
Hưởng Dương :),0
Hương Mai nói chiện hok nè hihi,0
Hương Trang hơi gắt nhưng tao thấy Linh Ka nói đúng vl. Năm mua điểm đại học ở Hà Giang rầm rộ đấy,1
K hiểu chuyện gì sảy ra :<,0
K học đại học thậm chí cấp 3 thì k thể khẳng đinhh ngt thiếu kiến thức đc. Mỗi người có chuyên môn có thế mạnh còn việc học nó quá tổng quát thậm chí nhiều lúc bạn dành thời gian để lấy đc một tấm bằng r bạn nhận ra nó không phù hợp với mình r bạn lại làm việc k lq đến cái bạn đã học. K phải học là sai mà là cần phải biết học nhưngz gì. K có khái niệm nào phải học cấp 3 tốt nghiệp đh thì mới thành công mới có kiến thức. Điều họ làm k sai chỉ là họ nhận ra đam mê của mình sớm hơn ngkh và họ học những gì lq đến đam mê của mình chứ k phải thất học nên đừng đánh đồng. Phải nhìn nhận theo các khía cạnh khác nhau. Dù cho bạn học giỏi chưa chắc bạn đã học hết đc các kiến thức ở ngoài kia.,0
Kệ con mẹ chị,1
Kệ con mẹ mi chớ,1
"Kệ mấy bạn, tui học kệ tui? ",0
Kém duyên,1
kết bạn vs em nhoa,0
Kêu tên e ik,0
Kêu tên em đi,0
Kêu tên em đi ,0
Kêu tên em đi ,0
Kêu tên em đi ,0
Kêu tên em đi chị ơi,0
Kh tháy,0
Kha Phan,0
Khánh Hòa,0
Khánh Ngọc Kim Yến vui kìa mng ạ ,0
Khen e xinh đi chị iu,0
Khen em Xinh đi chị iuuuu oi moa moa,0
Khép miệng lại em gái,0
Khép mỏ hô lại chị oi,1
"Khép mỏ lại chị ư 
",0
Khép mồm vào chị ơi,0
khi nào chị về gia lai,0
Khoe bụng đi chị =)),0
Khôi Nguyên  :)))),0
Không học không hiểu gì. Việt gì có tiền thì làm không hiểu. Làm d cung làm có tiền là được .,0
Khùng hả ,0
Kiếm đc ng yêu ko cỵ,0
Kiếm em đi chị ơi ,0
Kiến thức uber và grab nhé,0
Kiểu này nhìn xink ,0
kiểu tóc mới đẹp đó chị ơi,0
L0n t4m,1
lái chị nhá,0
Làm như là thiên thần dậy á. Kiểu bí hiểm kh biết chị là ai. Nghe mắc ỉa,1
Lần đầu xem chị live,0
lần đầu xem live chj,0
Lần đầu xem livestream của chị:>>>,0
Lần sau tô cái lông mày nhạt nhạt thôi nha ba :))),1
Lát chị acp e nha :v,0
Lê Cẩm,0
Lê Nguyễn Tường Vi coi i ,0
Lê Vũ Duy Công b e là fan ruột chị luôn lày chị ơi chào n hộ e đc k <3,0
"Liệu cô có chắc sau này cô có theo kịp thời đại k khi mà thiếu kiến thức, phong độ là nhất thời đẳng cấp là mãi mãi, ok???",0
Linh idul,0
Linh K nó nói đúng vụ Mua điểm vào ĐẠI HỌC mà,0
Linh Linh bé dẹo nè linh,0
Linh Thuy,0
Linhka nói sai chỗ nào thế mọi ng,0
Link app,0
Liu liu bị ngta chửi Xàm Cức 🤣,1
Lô,0
lô cái dkmm,1
Lo con cac,1
Lỡ gặp biến thái nó khoe hàng rồi sao chị?,1
lố quá bà nội,1
lộ quá mất hết hình tượng đấy chị,0
Loại mày chỉ đi làm phò thôi,1
Lol,1
lợn chấn thối ,0
Lớn hơn người ta 2 tuổi tưởng mình bị lắm kêu cậu bé cc,1
Loz này mới chơi cỏ mới gọi r,1
Luøng Hiēu cho em hỏi mẫu ipx màn hình cong vs ak,0
Lướt thấy vô khịa ,0
Ly chó hiện hình alo alo,1
M bị động kinh à,1
"Má 2,5k xem ",0
"má cái tay c bấm đt cũng ghét nữa, chị thở cũng ghét nữa ",1
Mà chị,0
Má dẹo ít quá há,1
Má đừng cười nữa ,1
Má sản luôn á chị iuuu,1
Măc cừi ,0
Mắc cừi wa',0
Mắc cừi wa’ hahahaaaaaaa,0
mắc cười chổ nào v mn ? ,0
Mắc cười ghê :) ,0
Mắc cười ghê 😗,0
Mắc cười ghee :)),0
Mắc cười quá cười khà khà,0
mắc cười quá haha,0
Mắc cười quá hihi,0
mắc cười quá hyhy,0
Mắc cười vl,1
mắc cuoii quá à,0
Mắc ỉa quá chị yêu ơi ,1
Mai Anh,0
Mái cj hk điều lắm,0
"Mai kiểm trA 1 tiết toán. Theo mọi người có nên học khôg? Tại điểm 9, 10 ko kiếm đc tiền thì cx ko làm gì :)))",0
"Mai mốt có làm tới cái gì chăng nữa mà lí lịch học chưa xong lớp 10 thì cũng bỏ đi thôi, và cũng tại ăn học chỉ mới chừng ấy nên mới phát ngôn kiểu đó",1
mái này hợp lắm luôn á chị,0
Mái xinh quá c iuu,0
Maiiiii mìnhhhhh ktra hoá mình chắc chắn 9₫ trong tay 1₫ trên giấy 😢,0
mặn chưa chị,0
Man Ngọc Hoài Nhã,0
Mạnh,0
Mạnh cute quá nèkk ,0
mặt bớt sưng r nè,0
Mặt chị còn sưng không :)),0
Mặt chị dâm vcl,1
Mặt chị sưng lâu quá khók*,0
mặt chị tao vc,0
mặt chị to thế,1
Mắt cười ghê😕,0
Mặt hết sưng chưa chị :)),0
Mặt hết sưng rồi à ? ,0
Mặt hết sưng rồi hả chị,0
Mặt hết sưng rồi hả chị:))),0
Mặt măm,0
mặt nay sưng vậy má,0
Mặt người mà óc đất.,0
Mặt như loz ý,1
mấy bạn này nói đúng suy nghĩ mình vl,1
Mấy con bạn em đi ăn kh rủ cái ăn hết kiu em đi mua đồ ăn cho nó á c em tứk á,0
Mấy con mồng này đêm nào mà chẳng dạn háng để kiếm tiền chứ có cái qq gì gọi là tài năng đâu ...,0
Mấy con này kd vốn tự có mak,0
mấy lít vậy con kia,0
Mấy má có diên ghê tự nhiên bảo người ta ngưng cười =)),0
may quá quá đi ,0
Mày xạo lồn quá ai dám hẹn hò ,1
Mẹ con điên ngáo l à:)),1
Mèo đen ạ,0
Mệt háng tâm quá tâm ơi,1
Mệt vcl,1
mêu mếu mêu mều mêu,0
Miệng cười xinh lấy tay che miệng chi vậy chị😚,1
Miệng duyên ghê ha,1
Mình mới tớiii,0
Minh Phước nè :)),0
Minh Quân,0
Mini game tặng tiền triệu đi nè,0
Mkup nhu con cac vay chi,1
mle mlem mlem,0
Mlem mlem ,0
mlem mlem mlem,0
mo ho,0
Mô phặc,0
Mờ quá,0
Mờ quá à,0
Mờ quá chị ơi,0
Móa m cũng xem stream har Dương,0
Moẹ ơi,0
mới cắt tóc mái à c tâm,0
Mỗi lần nghe e nói a muốn tiêu chảy luôn á . Muốn ỉa lên mặt e ghê,1
Mỗi ngày ngủ mấy một thằng thì cần gì phải học bố tổ nhà mày loại súc vật vô học sủa nhiều ức chế,1
Mọi người cứ làm quá lên :3,0
Mọi người thông cảm cho em nó đi nó nó nói vội ko kịp suy nghĩ lên lỡ mồm nói thôi  giờ hậu quả đấy thây tội mà thôi kệ :((,1
Mới sửa răng hã chị,1
Mong 1 lần được chị gọi tên,0
Mong c xem cmt của e ,0
mong chị add emmm :((,0
Mong chị gọi trúng bạn anti để em còn có cái để hóng🙆,0
Mong chị rep,0
Mong cj add emm,0
Mong đc cj gọi tên em,0
Mong được chị adđ :3,0
Mong rep ạ. EM FAN CHỊ NHIỀU LẮMMMM,0
Mong Tâm tỷ add emm,0
Một lần nữa chị có nói yêu em không :) ,0
ms trực típ mà 1k6 ng òi,0
mũi bị bệnh sưng hả chị :(((,1
Mũi cao vl,1
Mũi chị bẹt quá zậy???,1
Mũi chị có sửa không,1
mũi chị to hơn cả ngưu ma Vương,1
Mũi chị to quá chị ơi,1
mũi đẹp nhờ,1
Mũi đẹp vậy chị:)),1
Mũi lợn ,1
Mũi mabu v chị,1
Mũi này thái vội đc 2 đĩa nộm,1
mũi sưng hả chị :(,1
Mũi to,1
"mũi to , mắt dếch",1
Mũi to cười hở lợi,1
mũi to hơn cu bò,1
Mũi to thế =))),1
Mũi to v,1
Mũi to vcl,1
mũi trâu:)),1
Mũi vậy chắc dễ thở lắm ._.,1
Mũi xinh quá cỵ 😢,1
Mũi xinhh =)),1
Muốn chị gọi tên em huhu,0
Muốn đc tâm sự với Tâm á bây bê,0
Muốn nà💁,0
Mỹ Duyên,0
Mỹ Huyền dui qá à,0
Nay bã xinh dữ ,0
Nay chị dễ thương ghê í,0
Nay chị dễ thương quá,0
Nay chị xinh quá dạ,0
Nay chị xinh quá:3,0
Nay chị xinh thế,0
nay giọng khác quá dậy,0
Nãy h em tắt âm thanh mà tưởng chị chị câm không à,0
Nay live nói đáng iu thế ,0
Nay mặt chị sao sưng dữ dạ chị :)),0
Nay mặt chị thon r nè,0
Nay tâm xinh xĩu,0
nay xinh đấy chi,0
Nay xinh hơn mọi hôm,0
nay xinh quá bà ~~,0
Nay xinh ta,0
Nay xinhqua,0
Nc bthg thôi bớt dẻo đeo lại nhìn kinh vl,1
Ncc,1
Nch như xưa đỡ nổi da gà hơn á🏻‍♀️,0
nẹp răng mà hô zữ vậy chị ._.,0
Nẹp răng vào thì đẹp,0
Nếu chị thì chị nhớ chọn em nha,0
nếu không mình làm 1 ly,0
Ng ơi ng hãy gọi tên e đi 😭😢,0
Ngạii quá dạ,0
Ngân Nè tâm xinh ^^,0
Nghe nói điệu rớt l:)) ngứa mông,1
Ngô Ngọc Nhi ai sẽ là ng may mắn,0
Ngọc Quang,0
Ngọc Thảo Bao Ngoc Le vô đi iem,0
Ngọc Tú,0
Nguyen Hai Yen ,0
Nguyễn Hằng tag for no reason,0
Nguyễn Hi Hi thích chị lắm đó ạ ,0
Nguyễn Hoài Đạt,0
Nguyễn Hoàng Huy trứng dán cần mỡ :)),0
Nguyễn Hoàng Tấn ,0
Nguyễn Hồng Ngát vào xem live của chị này :))))))),0
Nguyễn Hồng Phúc tôi xem ông phải xem,0
Nguyễn Hữu Linh,0
Nguyễn Mai Phương,0
Nguyễn Ngọc Diễm Quỳnh đéo ,1
Nguyễn Ngọc Duy Uyên vô đi ,0
Nguyễn Thành Vinh idol bạn xinh wa’ w0w,0
Nguyễn Văn Vinh em có thằng bạn tên Vinh mồm lúc nào cũng méo c cho lời khuyên với ạ,1
Nhạt :),0
Nhạt nhẽo vl 😢,1
Nhắt tên e đi chj,0
nhạt thật,0
Nhật Trường,0
Nhạt vcl,1
Nhạt vl như con điên,1
nhạt vll,1
Nhếch,0
Nhi Lê úi tiếc cho trị nhi vì k coi đc ,0
Nhi Yến Nguyễn ok,0
"Nhiều hot girl thuộc thế hệ cuối 9x, đầu 10x vẫn còn ngồi trên ghế nhà trường và vẫn hằng ngày được truyền thụ kiến thức thông qua sách vở, thầy cô.",0
Nhìn chị cute hơn trc nhiều lun á,0
Nhìn chị cute quá ,0
Nhìn chị khác tren tik tok quá,0
Nhìn chị xinh thực sự luôn á,0
nhìn cute ghê á,0
Nhìn cute xỉu ,0
Nhìn gần mặt xấu vl,1
Nhìn mắc mệt giọng dẹo chảy nước,0
Nhìn như con điên=)),1
Nhìn vũ to vậy show vú đi,1
Nhìn xinh lắm à nha,0
Nhớ em không chị,0
Nhờ Tâm mà app được rate 1* . Nhạt nhẽo :)),1
Như buoi,1
Như cái lồn,1
như cái lồn què,1
Như cl,1
như con cặc,1
Như con điên,1
Như đách loz,1
Như đb,1
Như đb,1
Như đb:))),1
Như lồn,1
Như lồn,1
Như lồn á,1
Như thằng m hoan heo. Đại học ch to . ,1
Nhung July con trứng rán xấu nhất🤣,1
Nhưng ncl để tóc này xinh,1
"Những người có học cư sử và kiếm tiền bằng cái đầu, hotgirl vô học kiếm tiền bằng vốn.....",0
Nhưng t vấn thích linh ka nhất trong cả 3. Mọi người có thể quên nhưng mà ẻm là nhà tiên tri vũ trụ. Tiên đoán ra vụ án rúng động cả đât nước VN này đấy,0
Niềm nam là sg đó,0
Nkat,0
Nl hả má :),0
Nó chỉ soi gà ngủ thôi,0
Nó hổng bắt nett,0
Nó nói đúng mà ...học thì mục đích cuối cùng là kiếm tiền ...chỉ có điều nói sai cách khó nghe thui....phải nói là điểm cao thì đh chẳng để làm gì khi ko kiếm ra được tiền,0
"Nó nói đúng mà, cái viẹc học rồi điểm số trong trường lớp chả nói lên dc cái mẹ gì cả",1
"Nó nói đúng mà, học xong 3 cái bằng đại học nhưng ra ngoài đường ngồi bán xôi còn tệ hơn, không gì nhục bằng ",0
Nó nói theo những gi nó cho là đúng mà...trời ban cho nó nhang sắc nhưng lấy đi của nó cái não...không não thì nghĩ được vậy là vui rồi...,1
Nói bình thường đi chị,0
Nói chuyện dẹo nghe mệt lồn quá con đỹ súc sinh ,1
Nói chuyện nhạt nhẽo,1
nói chuyện vô duyệ ghe,0
Nói đúng còn gì mà tự ái.  giờ cầm tấm bằng dh còn phải làm công nhân đấy,0
"Nói gì thì nói vẫn không ưa và cũng ""Đéo thích""",1
Nói hẳn hoi cười cái ll,1
Nói lại tên app đi,0
Nói lại tên app đi bà,0
nói nhỏ thôi bà nọi t ngủ,0
Nói tên em đi,0
Nói tên em đi,0
Nói tên em đi chị,0
"Nói thì sai bét. 
Nhưng đọc thấy đúng. Nghĩ ngợi càng đúng hơn..
 Nhưng m đi sai bét con đường rồi",0
Nói với em đi,0
Nói yêu em đi :))) ️️️️️️,0
Nói yêu em đi chị ,0
Nóng vchg mn ạ. Nghe nói tối nay có mưa to :)),0
Nug lon nó kêu mn vào đây chơi thì tao vào thôi =)) ,1
Nứng quá,1
Ỏ nhìn chị cũng xinh mà :3 ,0
Ơ sao chị này lại đéo xinh như trong hình vậy ạ? ,1
ở trên link Tâm có chia sẻ link download đó mọi người,0
oa xinh quá chị oi ,0
Oanh Hào Nguyễn Thị Minh Ánh  dẹo vl dcm,1
ơi con đĩ,1
ơi con đĩ ơi,1
Ói ỉa,1
Ôi nhìn chị khác hình ghê á,0
Oiii mẹ ơii,1
Ok e sẽ share cho c luôn và ngay nek,0
Phạm Linh dzo coii,0
Phạm Trần Thúy Vy Trần Hữu Nghị Lý Phúc Trung,0
Phan Anh Vũ bạn yêu,0
Phẫn cc,1
Phát biểu thiếu suy nghĩ !,0
Phát ngôn của mấy con nhãi ranh làm cave đây mà. Ức quá.,1
Phát ngôn hay.đúng là loại ít chữ,0
Phát ngôn là biết ko có não rồi.,1
"Phát ngôn ntn vì đầu ốc rỗng toech chả có tý kiến thức tư duy nào ,, ",1
Quang Vinh Nguyễn Ngọc Bình Nguyễn Hiếu Ginx chào Po Trần đi lào...,0
Quao :) ,0
Quaooo thật là vuiiii ,0
Quàu,0
Quê chị gia lai hả chị,0
Quý Duy Đoàn vào xem ne,0
Quỳnh Trang đọc cmt cho zui,0
Răng chị vổ nhỉ :))),1
Răng hô ,1
Răng hô vc,1
Răng mà hô hóa ra nạo dừa,1
Răng xấu mà khoe :))),1
Rảnh quá à.xấu như chó,1
Sao chị cười quá trời vậy chị. Tới khúc vui chưa chi,0
sao chị dễ thưng dạ,0
Sao chị giàu mà chị ngủ mùng,0
Sao chị hô thế,1
Sao chị không mặc đồ ngon như Lê Bống Ý,0
Sao chị ko chào em em giận chị lunn,0
Sao chị ko rep cmt em,0
sao chị lì quá v,0
Sao chị nói chuyện dễ thương vậy,0
Sao cj ko để tóc ngắn ,0
Sao cj ko để tóc ngắn ,0
Sao cj ko để tóc ngắn ,0
Sao cj ko để tóc ngắn ,0
Sao cỵ không xưng chỵ với mấy kưng nữa cỵ? ,0
Sao hôm nay chị xinh thế,0
Sao không ke fan zậy,0
Sao ko trả lời mị ,0
"Sao lại ko kiếm đc đồng nào họ hx giỏi thì tương lai họ cũng sẽ thành công,sẽ kiếm đc bt bao nhiu là tiền",0
Sao lỗ mũi bự dữ ạ,1
Sao mặt chị sưng lâu z,1
Sao mặt to thế bạn @@,1
Sao mũi chị bự vậy ạ,1
Sao mũi chị to thế,1
sao mũi to quá vậy chị :((((,1
Sao nhìn đẹp dị,0
Sao thả phẫn nộ vậy,0
Sao toàn phẫn nộ vậy,0
Sao tui thấy nhạt mà bả cười ghê zậy ? :),1
Sao xinh wá v chị,0
saoooo chị hokk helo em,0
Say hi chị️,0
Show lồn đi chị,1
Show mặt mộc đi chị :),0
Show mặt mộc đi chị :]]],0
Show mặt mộc ik chị ơi,0
Show vú đi,1
showw bướm đi,1
SJOW LỒN ĐI NÓI NHIỀU QUÁ,1
So beautiful. Can you choose me to call?,0
Sô lô yasuo,0
sô lô yasuo ko,0
Sô lô yasuooooooooooooooooo,0
Sợ quá khoá hết cmt à con,0
Spam spam spam,0
Sự Văn,0
sủa cc,1
sửa mũi đi :)) mũi to như l trâu ó,1
Sướng quá cj ơi,0
sướng thế,0
Sướngggtg quá kiàaaaa,0
Surprise :))),0
"Suy nghĩ như thế này thì ko hiểu bố mẹ các em dạy các em như thế nào nhỉ, dù các em có kiếm tiền nhiều như thế nào, nhưng suy nghĩ của các em đúng ko khác gì đầu to mà óc bằng quả nho, nếu ko có kiến thức, ko có trình độ thì lấy đâu những bác sĩ giỏi cứu ng, lấy đâu ra những ng sáng chế ra điện thoại, tivi, máy tính, mấy cái app cho mấy em chỉnh sửa ảnh đây...",0
T love you cà mo,0
T xĩuuu nganggg,0
Tạ Thanh Huyền ,0
Tải ap này về có đc hẹn hò vs chị ko,0
tại chị tâm pr mà được 1 sao,0
Tải chi zị ?,0
Tải mất tiền không ạ ,0
Tải như nào vậy,0
Tải ở ch play ,0
Tải r làm sao nx,0
tải rùi chị có gọi ten em hongggg,0
Tài Thành Đỗ Đen,0
Tải về có ghệ không chị ,0
Tải về có tán đổ crush đc không chị ,0
Tải về để chơi bede ạ :)),0
Tải ve r ,0
tải xogg.... Em để cmt :v Trần Thanh Tâm đã đưa tui đến đây,0
Tải xong ai đụ :((,1
Tải xong có ny k ạ ,0
Tải zề là có người iu hả 😁😁😁😁,0
Tâm hong chào tui,0
TÂM LỒN ,1
tâm mỏ chề,1
Tâm mũi trâu chàooo em đi,1
tăm ngọt nước,0
Tâm nhận pr bao nhiêu 1 vid như này thế nhỉ=))),0
Tao chơi rồi nhắn tin phải nạp tiền dô đcm,1
Tao đi ăn cơm nha Hao Nguyen,0
Tao đi ăn cơm nha Hao Nguyen,0
Tao nghe mà tao tức cái lồng ngực,1
"Tao thích câu ""xàm cức"" 🤣",1
Tắt live đi,0
Tắt live đi ,0
Tắt pts đi chị,0
Tên hay ghê :)),0
Th th chị im mẹ mồm,1
Thả cái lồn vào mặt mày chứ tim con cặc,1
Thả tym cho chị đi mn ơiii,0
Thả tym muốn cháy máy luôn ă. Mà ko chào tui đc tiếng dị ,0
Thả tym nãy h ă,0
Thần bí??? :))),0
Thằng bé : ơ đm con ngựa này điên à,1
Thằng lz Hoàng Phú sủa cc gì vậy,1
Thằng nao xui vậy,0
Thành Lợinh,0
Thành phần của nước Clo?,0
Thanh Trọng,0
Thảo Nguyên ,0
Thảo Phương,0
Thao Tran xem lèeee,0
Thật ra mình thích Linh Ka hơn :)),0
Thấy chị dễ thương quá chừng,0
Thấy chị này xàm vl,1
Thấy cj để tóc ngắn ,0
Thấy em khong,0
thấy em ko chj,0
thay huan day em ko hieu,0
Thấy Tâm xinh thật á,0
Thấy thương quá nè ,0
"Thế bị bệnh không có người 30 điểm chữa cho thì nhe răng đấy, ",0
Thế có app nào để hẹn hò với chị ?????? ,0
Thế Luật an toi chua b,0
thế thì đi làm phò hết đi ... tháng cũng chục triệu đấy... ,1
Thích tâm thôi :),0
Thiên Thiên Hương,0
Thôi lái máy bay luôn đi e ,0
"Thôi tạm biệt, nghe mệt tai vl",1
Thôi thấy ko dui nên đành thả phẫn nộ,0
thôi xem tiktok của n đi chứ xem stream như này nhìn ghê vl,1
Thư Lê,0
Thu Phương,0
Thu Phượng cị po nè,0
Thư Thư,0
Thực sự học giỏi  h ko bằng kiếm nhiều tiền là sự thật nhưng h tôi vẫn bắt con tôi phải học,0
Thực tế thui chứ mẹ gì đâu :))),0
Thúi quá bà ơi,0
Thương chị nhiều,0
Thường mấy đứa học dốt mới phát ngôn coi thường việc học. ,0
Thương Thương Bùi Văn Phúc  Muốncómộtcáitênthậtngắn Nhưngkhôngnghĩracáitênngắn,0
Thủy Đặng dẹo vãi lồn dcm,1
Tình iu nch hay quá,0
Toàn răng ,1
Toàn thấy yêu chị Tâm =))),0
Tóc chị nay mượt vậy ,0
Tóc cưng quớ dọ nè,0
Tóc hơi rối nhé chị ơi,0
tóc mới của chị xinh thế,0
Tóc mới là lên sắc liền =)),0
Tóc mới xinh quá,0
Tóc này em thấy xinh lắm nè!! ,0
Tóc nay hết bết rồi nè,0
Tóc này xinh xĩu á c ,0
Tóc xù v,0
Tới  khúc dui ch?,0
Tóm lại là cv,0
TÔN LẦM!!,1
Trời ơi cái mủi to như phù thủy luôn á . ,1
Trời ơi cái mủi to như phù thủy luôn á . ,1
Trông chị xinhh quá,0
trui ui ,0
Trứng dán cần mỡ bắp cần bơ:),0
Trứng rán cần mỡ bắp cần gì cơ,0
Trứng ráng cần mỡ đây hả,0
Trương Nhật Hoài chị Tâm dạy chị này làm thơ giúp e vs,0
Trương Phạm Lan Anh định đỡ ghét mà xem live lại ghét vl )),1
Từ bao giờ tiền trở thành thước đo 1 con người vậy :?,0
từ chối nghe,0
Tư Tít's vào nhanhh,0
tư vấn em vô hồng bàng đi,0
Tuấn cút,1
Tụi m lật mặt nhanh như bánh tráng v,0
ủa chị bị hô hả,1
Ủa chị nhạt hả..... ???? Chị đang làm ra chị vui tính hả??? Ủa như cạk vậy chị,1
Ủa con điên .... bất ngờ cục cạk,1
Ủa gì má mới zô đã tắt ,0
ủa hk pts nữa ô ha,0
Ủa lạ lòn khinh méo trả lời hả :)),0
ủa mắc cười chỗ nào zậy chị :))))))),0
Ủa não đau rồi hả các em,0
Ủa sao ko trl tui,0
ủa sao nhìn vâu vâu,0
Uầy nay Tâm xing zl ,1
Uây xấu kinh,0
Ui ui kiểu bất ngờ cmnr ,1
Ước đc chị chào lại,0
Ước đc một lan đc chị chào,0
Uoc gi em duoc goi cho chi :(,0
Uuuuuu,0
Vãi ler,1
Vãi lồn,1
Vãi lồn ,1
Vân Anh le le,0
Vân Anh zo choi choi ne,0
Vẩu quá em gái,1
Vẩu thật ,1
Vậy hả,0
Vậy lỡ em với chị thì Sao ạ,0
Vậy ó hỏ,0
Vạy ó hỏ c,0
Vcl,1
Vcl chào em,1
Vcl có j vui ,1
Vee Thị Trang Trang PT Minh Hạnh Linh Lưu hahaha x3.14 ,0
Video bị lạc ngược tâm ơi ,0
Việt nam ???,0
Vk mũi bự quá ,1
Vk t đấy tụi m léng phéng t cắt bỏ à ,0
Vô đọc toàn. “Yêu chị tâm” yêu hùa à =))?,0
Vô duyên kêu ngta tải đã rồi kêu ngta đi học bài là đéo nào?,1
với người âm được k chị,0
Vụ chị đánh gen vs trần đức bo sao rồi chị,0
Vũ Nguyễn trang của hiếu lợn ak,0
Vũ Thị Kim Ngân,0
Vừa học bài cũ coi live stream chị nè ,0
Vừa ỉa vừa xem tream để hóng drama ,1
Xàm ,1
Xàm quá má,1
Xàm xí đú,1
Xạo xạo quá dza,1
"Xấu ?.
",1
Xấu hoắc,1
Xấu mà cứ khép nép làm như mình đẹp lắm :<,1
Xem đầu nè,0
Xem đông quá nhợ,0
Xem hóng coi có drama ko ,0
Xí...Trần thanh tâm hot girl hở...,0
xin ,0
Xin chào,0
xin chào chúc buổi tối vui vẻ,0
xin chị đóo,0
Xin ngườiiii,0
Xin quá chị ưi,0
Xinh c ơi,0
xinh cl j,1
Xinh dữ dị,0
Xinh gái thế chị =)),0
Xinh léam chị ơiii,0
Xinh mà chắc ngta chỉnh lố,0
xinh như ngày thường,0
Xúc phạm người nhìn,0
Yeahhhhh,0
Yến Linh Trần,0
Yến Mỹ,0
Yến Nhi gọi nè,0
Yến Phương má cái mũi,1
Yến Vy để t học :( ,0
