  mắm tôm trộn nhựa đường dí mặt l n vào là x hết đời đi làm Four  Đinh Quyên,1
 Có con ranh con gái dịch vụ đi chê kve: Nói chuyện với loại kve thì cg chỉ bị kéo xg' ngang hàng vs kve thôi =))))) ,0
 Em vs 2 con bạn em nhận đi đánh ghen thuê nha ad :))). mỗi đứa 60 cân chắc có dịp dùng rồi  á Ngọc Vân Như Quỳnh ,0
 Ngải heo nhập bạn - liên hệ mình liền !! ,1
 phò cũng có giá trị của phò.,1
""" phò có giá trị của phò"" =)) t mạnh dạn trả trăm rưỡi ok =))",1
"( Còn mày kiểu gì để thằng ck mình nó phải tìm đến phó ). Câu nói thấm vl luôn, thế nên trước khi muốn đánh ghen ai thì phải xem lại bản thân trước nhé.",1
*không xong .-.,0
. Để kiếm info,0
":)) không “song” thì nó làm gì không biết, sợ hãi các thứ",0
:)))) lắc lư cho lắm khéo tháng sau nghe tin lại bị sida thì chêt,1
"“Đừng nghe cave kể chuyện 
Đừnh nghe con nghiện trình bày!!”
Bọn này nó toàn có những cái đạo lí để nâng cao giá trị bản thân trong khi ngay cả gia đình, xã hội đéo thể nào mà chấp nhận được. Thôi cứ kệ mẹ im lặng cho nó nghĩ nó đúng :v",1
“Không xong” chứ đéo phải “không song” nhé. Sai chính là thì mọi lời nói của m đéo có giá trị gì hết. Thêm cái m lại là Four thì lại dở hơn nữa rồi. ,1
<3 Ơn dời link đây rồi. Lộ 𝐂𝐥𝐢𝐩 𝐓𝐡𝘂̉ 𝐃𝗮̂𝐦 𝐍𝘂̛̃ 𝐒𝐭𝐫𝐞𝐚𝐦𝐞𝐫 𝐌𝐢𝐬𝐭𝐡𝐲  𝟭𝟬𝗽𝟯𝟱𝘀  Của 𝐌𝐢𝐬𝐭𝐡𝐲 nhé 🌾💜   👿🍔   🐎👅  ,1
=)) đ đú đc các em bh ,0
=))) mệt vlin,1
=]] sợ vlol,1
=]] tôi không tin vào mắt mình sao cô bé bay lak lại tự tin đến thế... tối gì tối mờ mịt xây xẩm vậy thì không đỡ nổi r,0
24 tuổi đầu đây là lần đầu tiên tao thấy cái trường hợp thế này ,0
4 có gtri của 4. thật sự mạnh mồm :)))),0
4\ nhưng có giá trị của pho\??,1
4\ thì mãi là 4\ thôi đéo bao giờ ngóc đầu lên nổi ,0
"4` này là 4` được đào tạo có bài bản,được training kĩ năng qua trường lớp, chứ kp 4` tự phát",0
4’ dạy gái ngoan àk...d hỉu kiu j,0
"500 anh em nhìn ảnh avanta cho em xin info
của Phò với ạ ",0
Ad beat vừa gắt vừa cứng ... khô máu đi có gì báo tổ trưởng khu phố cho,0
Ad quẳng link fb nó đây,0
Ae zai k biết chơi đồ.. giơ tay phát... để đi đky lớp cô giáo Link 4’,0
Ai dậy tôi chơi đồ với 😕,0
"Ai muốn kiếm tiền 3-7tr 1 tháng về đội e. K vốn, k ôm hàng. Qtam ib",0
An Nhiên =)))))) đọc di c oiii,0
Anh Cường Anh Tung ngày đọc 10 lần cho a Đồng Nhất Thành nghe ,0
Anh Ngoc Nong phò bh lên ngôi à ,0
Anhh Thi con trai k thích gái ngoan gái quê đâu nha 😶 Thay đổi đi 🙃,0
Bà cứ me đôi bạn trẻ chơi đồ chỗ nào thì hú mấy a tới rồi để các a  trao cho đôi bạn trẻ vài cuốc lịch là hạnh phúc ngay. 🤫,0
Bà vợ hiền thế :),0
Baet càng ngày càng xịn,0
Bán đồ online kiêm Four :v,0
"Bạn không tỉnh táo là do bạn không chơi đồ rồi   
Dương Mơ Hang Thu",0
Bẩn mồm ,1
Bạn tiếp chuyện con phò là dở r.,1
Bánh cuốn quá mà ,0
Bảo Đặng A thích gái ngoan hay gái hư ???,0
Bảo sao giá thịt lợn tăng -_-,0
Bảo sao ngành công nghiệp nhẹ vẫn chưa được chính quyền cấp phép là đúng rồi =)))),0
Bát vị gia môn nhà chồng có vấn đề rồi. để thầy gieo quẻ vào mõm chó của thằng chồng !,1
"bây giờ four nó hoành hành mgang dọc  như thể 1 nghề chân chính vậy . Cá khôn cá chảy quanh bồn, cái duyên cái nết như l ai chơi  Thôi Linh về với Kiên đi  hamlon",1
Bây giờ xã hội tiên tiến đến mức phò còn có giá trị luôn à? =))))),1
Bay nhảy cho lắm vào rồi lại bị thoát vị đĩa đệm 😀rồi ai chơi ,1
Bế Minh Diệu xem đi này bạn ơi,0
Beat nay cục súc quá làm e cũng cục theo,0
"Beat ơi t lạy m, m đưa link con phò chúng tao mới giúp dc chủ tus chứ",1
Bh 4 n ngang nhiên v đấy. Có khi vk chính thất như cta lại bị cno ghen ngược r đánh ghen thì khổ. T sợ mấy tp ntn vlol. T thì nhát gan. Cno mà doạ chắc đái ra quần. ,1
bh là cứ phải biết chơi đồ bay lắc à ,0
Biết bay biết chơi đồ là dở rồi:((,0
Biết chơi đồ k Trịnh Chung,0
"Bjo phải biết chơi đồ thì mới cuốn ,mới ở bên nhau bền đc😉vcl",1
bô cái thằng ranh con :)),0
Bỏ đi cho đỡ bẩn não. Đôi co cho mệt,1
"Bộ lạc Phò bây giờ kinh nhỉ? Còn nc cả giá trị các kiểu =)))) Cũng chỉ nằm ngửa ăn tiền, dăm ba năm trước khi nát thì vớ đc thg nào thì vớ, giật đc thg nào thì giật thôi. Khác đéo gì đồ chơi mua vui đâu mà mở mồm nói có giá trị =)) Giá trị giải trí à =))))))",1
"Bố mày xem không xong là như thế nào nào??????

[ https://www.facebook.com/100017990866075/posts/638877560055267/ ]",0
"Bởi t nói mấy thằng này nó lại ngu ra :) . Nc vs chúng nó như thế lại tưởng mình hay ho , ngu ngục thật sự !!!!!",1
Bọn ngoan nhìn cứ bị đần đần sao ấy nhỉ  @@@,1
Buồn cho 1 thế hệ. Lấy lỗ vs ma toé ra để đổi lại đc những phút sung sướng rồi sau cuộc đời trả giá rất rất đắt... Nhân quả báo ứng hết!,0
"C*k cô hồn gặp loz công cộng, xứng đôi vừa lứa",1
C.s gần đây nhiều điều thú vị ha ,0
Cách nâng chỉ số thông minh là đi chơi đồ 😉,0
"Cách nói chuyện có vẻ giống nhau nhỉ. Toàn dùng ""cả"" =))))",0
cái gì cũng có gtri của nó. phò này định giá tnao beat?:)),1
"cái gì hay thì khoe chứ làm phò còn khoe@@ óc toàn cứt à@@ rồi lộ địa chỉ thật ra, hội các bà mẹ bỉm sữa lại tìm tới tận cửa dạy cho 1 khoá làm người😑",1
Cái hay thì đ chơi chơi toàn thứ ngáo ngơ xog lại nghĩ là hay  ,1
Cái loại này có tồn tại á ? Thảo Phươngg,0
Cái loại này đến lúc vỡ mặt vẫn chưa tỉnh đc đâu. Lúc ấy lại kêu do số ko độ ta ngay ý mà.,0
"cái ngu ở đây ko phải là ngoan,cái ngu ở đây là chọn một thằng ko ra gì",1
Cãi nhau với phò là dở rồi.,1
Cãi nhau vs phò là dở r,1
Cái tao cần bây giờ là đường link fb của con cave kia,1
Cần link,0
"Cần phẫu thuật não xem bên trong chứa gì...chứ cái thành phần này chúng tôi bó tay...""phò cũng có giá trị của phò""...thốt ra đc cái câu này thỳ cũng đéo phải người rồi....người chúng tôi đéo làm thế😡",1
Cao Thúy Hiền vô nghiệp cho zui ê 😒,0
Cầu tháng 7 cô hồn sắp tới ông trời rước hộ con 4` lẫn thằng chồng l này về,0
cây muốn lặg ma gió cứ hamlon the,1
Cây muốn lặng mà gió cứ hãm lòn,1
Chả có nhẽ tao cũng nhờ beat đăng lên,0
Cha mẹ sinh ra . Nuôi nó lớn nó lại tự nhận nó là giá trị Phò!! Đéo fai giá trị con gái. Đm,1
Chà thích thế,0
chắc hẳn phải chơi đồ mới có chồng yêu chiều quá :)) ,0
Chắc phải như này này,0
Chấm để đọc cmt.,0
Chán lắm 😌 đàn bà cứ hi sinh r chả đc cái đéo gì Thôi phắn hếtttt,1
Chán vl. Xã hội ơi. :v,1
Cháu thua,0
Chau TueAnh Minh Châu Diep Gia Nhi đỡ!!?,0
Chết thật,1
Chị 4 này chọc chó bà cả khá là cay cú ấy chứ ,0
"Chị em phò cho mình cách nhận diện phò biết chơi đồ, để mình tránh thôi mình chung tình lắm 🙃",1
"Chị gái à, giờ có 5 triệu cả chôn là xong thôi. Cãi nhau làm gì cho mệt l*",1
"Chị vợ cũng rảnh háng thực sự, nó đã là four` thì nó có hiểu đếu gì đạo lý làm người đâu mà phải nc với nó cho tốn nước bọt :)). Nhưng nói chung thấy chị vợ may mắn vì nhờ 1 con four` rẻ rách mà đã lột được mặt nạ của thằng ck, 1 thằng ham Hà Thiên Lộn chính hiệu :))",1
Chị vợ hãy mua ngay bình chữa cháy của cửa hàng Thuận Phong để xịt vào mặt con phò rẻ rách này nhé...,1
Chị vợ Nhanh nhẹn chốt giá em four xem giá bao nhiêu rồi cho lên cho ae đỡ phải tìm nhiều chứ lị  ,1
"Chị vợ rủ mấy chị em bên beat đi đánh ghen đi ạ, xong post video lên cho mấy con tiu đây nó sáng mắt ra ạ.",0
Chịu =]],0
"Cho cái info xem nào :))
Thích lắc lư hàng xả à con phò này",1
Cho hỏi giá trị của 1 con phò là cljv??,1
Cho link con phò lên đây để chị em bỉm sứa đky tập nắc nư uốn dẻo vào mồm nó nàoooo,1
Cho mặt nó lên nào beat ơi,0
Cho xem mặt ngang mũi dọc 4\ nào,0
Chơi bời là dở rồi,0
Chơi đồ cho lắm vào rồi ảo tưởng sức mạnh à,0
"Chơi đồ cho lắm vào xong đầu óc lúc nào cũng chỉ nghĩ được LẮC LẮC 😈
Triệu hồi thầy Huấn Rose 🤓vào thông não cho e tiu đây ",0
Chơi đồ là dở rồi,0
Chơi đồ là dở rồi ,0
Chơi ít thôi ngáo lắm rồi 😄,0
"Chưa chồng còn hư được
Chồng con rồi ngập bỉm cứt hư cc🌝",1
Chửi chết cmn đi ae ơii,1
"Chửi nhau như cc, chửi thế nó ỉa vào mồm cho là đúng. Chửi nhau cũng giống như làm văn vậy câu cú phải rõ ràng đanh thét, từng chữ tuôn ra là cho đối phương ngậm cứt vào mồm ngay :))))",1
"Chứng kiến bao vụ đánh ghen, chưa thấy phò nào ko sai chính tả ",1
"Chung quy lại cũng chỉ tại chị vợ có "" kỹ năng "" quá kém =)))",0
"chúng ta cứ chửi mà chửi thiếu 1 người là đức ông chồng, 1 nhân tố chủ chốt :)))
",0
Chuổn như nê duổn ,0
Chụp hết lại. Đến khi nó lấy ck gửi cho ck nó làm quà cưới,0
"Chuyên nghiệp đấy linh  kiên cũng thật thà lắm, 2 đứa ra kia chơi vs chó đi chợ xã hội n bớt tệ nạn các em ạ ",0
"Chuyên quần áo quảng châu chất đẹp giá rẻ (có sẵn)
Hàng chuẩn 100% cotton mát mịn giá cả sinh viên❤️❤️
https://m.facebook.com/CatStore9-445007422999074/?ref=bookmarks",0
chuyện tỳnh Linh và Kiên. á hự,0
Clgt?,1
Cml này chui từ kẽ nào mà sao lại có thể trơ trẽn khốn nạn vậy chứ trời ơi ???? ,1
Cn thấy phê chẳng qua nó chơi đồ vào nó vs thế thôi chứ thích nhường luôn hẹn làm lol j hẹn nhau ra gây lộn mệt ng tốn nc bọt ,1
"Có chỗ nào dạy cách chơi đồ ko để e đăng kí học, chứ e sợ lấy chồng xong ko biết chơi nó bỏ theo Four quá ạ 😞",1
Cố chứng tỏ Four có giá trị à ?!,1
có gì đó không ổn ??,0
có gì đó sai sai bà vợ này fan tiến bịp à =)),0
"Có khi nào con 4` đang dùng nick khác để hóng xem độ ""nổi tiếng"" của mình không nhỉ 🤔🤔",0
Có khi tao cũng phải học cách hư mới kiếm đc ny các mày ah.ai chỉ tao cách làm trai hư phát,0
"Con 4’ nó tên Linh :)) 
T cũng tên Linh nhưng t không giống nó 👌",0
Con Cô Bé,0
Con four này n đang ghen ngược à bố tổ,1
"con này lí lẽ cứng vl, đánh đúng chỗ ngứa ""hi sinh đẻ đái cho ngta làm gì bây h chồng đi ngủ với con khác"" chí mạng thật đấy =)))",1
"Còn nhớ có 1 clip, khi bị bắt tại trận ch đi chơi vs tiu sờ đây, cô vợ đay nghiến tiu sờ đây bằng những lời lẽ miệt thị nhất. Đáp lại, con bồ kia nói 1 câu (theo mình là đúng): “Nếu chị ko đủ bản lĩnh để giữ chân chồng chị thì để người có khả năng người ta giữ giùm”. Không hề cổ suý cho bọn bồ bịch cướp ch người khác nhưng con bồ kia nó nói đâu có sai. Yêu nhau lấy nhau có tháng có ngày, càng yêu nhau lại càng phải biết lựa nhau mà sống, nhìn nhau mà bỏ qua mà tha thứ nhiều hơn. Đằng này, các chị càng ngày càng xuống cấp về ngoại hình, chưa kể chua ngoa, khó tính khó ở, ghê gớm, ko chịu thay tính đổi nết mà giữ chân ch, ông nào ngoan ngoãn thì đã ko có chuyện cặp bồ nhưng hỏi xem bản thân ng ta có thực sự vui và hạnh phúc khi các chị như vậy? Còn những thằng ko chịu nổi nó đi tìm ng tốt với nó ấy là lẽ thường tình! Cái gì cũng có 2 mặt của nó mà thôi",0
Con phò bay lả bay la Bay từ động đĩ bay ra giựt chồng :),1
"Con phò bay lả bay la
Bay từ động lắc bay ra cướp chồng ",1
con phò này nó ở cái tầm không thể với tới được =))),1
Con phò này nó phản dame gắt thế,1
"Con phò nó ngỡ mk là chính thất phu nhân à, hãm lol thế  gặp mẹ t thì ăn dép không trượt phát nào ",1
Con trai thích gái bay lắc như bọn mày nhưng con gái mẹ nó với mẹ mày đéo thích thế nhé,1
Cộng hoà xã hội chủ nghiệt diệt four đôu  thời đại four lộng hành hống hách tức nổi cục hạch luôn á ,1
công khai con mẹ nó fb lên đi chị gái,0
"Công nhận bà vợ cũng rảnh háng, nc với thằng ck sợ ck đánh hay sao mà phải đi nc với con này , cười ẻ . Gan to thì cắt mẹ cu ck đi là xong 🤭🤭🤭",1
"Cứ như thế ăn đập thì mọi ng tưởng là bị bắt nạt,",0
"Cứ ở vậy nuôi thân béo mầm 
Đ’ phải vì thằng mL nào cả nhé :) ",1
Cũng nhờ thg Ck thế nào nó mới lên mặt nv . Thể loại đất tiễn đi sớm thì tốt thôi ,0
Cười ỉa cho giá trị của FOUR:)),1
Cười ỉa Xuân Cherry,1
Cười vc :)),1
Cười vl :v,1
Cuong Manh Do học chơi đồ đi e,0
Cương Phạm đàn ông k thích gái ngoan hahaa,0
"Đ** thể nào hiểu nổi... lm phò cướp ck nta còn định dạy nta vào nghề ak... đm t khinh. Nhưng t khinh nhất vẫn là thg ck nv. Cút. 
Mong chị vk sau có đi bước nữa thì tìm đc ng xứng đáng , yêu thương 2 mẹ con",1
Đã đĩ còn già mồm,1
Đã làm four thì phải biết bay lak người biết bay lak chưa chắc đã là four :)) thế mà cũng khoe :)),1
Đại học sư phạm dà nẵng ăn trộm tiền trốn nợ.lê thanh huyền.ai bik ib giúp nhé,0
Đại học sư phạm trộm tiền trốn nợ,0
Dăm ba con four dẻ rách mà dám lên mặt dạy đời :)) không nghe cave kể chuyện và không nghe thằng nghiện trình bày  ,1
Dăm ba con phò được mấy thằng chả ra gì nịnh nọt mà cũng lên mặt được thì không biết não có dính tí nào trong hộp sọ không mn nhỉ :)),1
"Đàn ông có tí tiền thì nhìn con nào cũng muốn đưa vào ngõ cụt!
Đàn bà có tí sắc thì cứ muốn chồng người khác là của mình! 
Tại sao vạiii??? ",0
Đàn ông không thích gái ngoan ?,0
dân tộc Pờ Hò ,0
Đăng 28p 260 like mà h 36p đã hơn 3k like r,0
"Đang ăn hộp bún chay nhưng phải ngưng ngang để dô đây thả """". Tự nhiên nhột vl ra ấy ",1
đăng cả tên n lên chứ k biết đéo con phò nào ???,1
"Đặng Kim Chi Có chỗ nào dạy cách chơi đồ ko để e đăng kí học, chứ e sợ lấy chồng xong ko biết chơi nó bỏ theo Four quá ạ ",0
Đang lên để tên face nó che hết làm đéo gì,0
Đăng lên phải kèm infor chứ nị :))) dấu infor là dở r 😩,0
Đáng sợ vc ,1
Đáng sợ vđ,1
Đặng Tài nói một câu về gu của bạn,0
Đặng Thị Thu Hoài  a check rồi k phải Nguyễn Trung Kiên ,0
Đặng Trung Hiệu dạy em chơi đồ nhanh,0
Dạo này đăng bài linh tinh rồi đấy B,0
Đấy cứ đầu bù tóc rối mà chồg chồng con con đi xog để nó đi gáibài học cho ce rút kinh nghiệm,0
Đây k biết có phải thằng ck k nhỉ?,0
Đcm từ bé đến giờ mới thấy Beat Cucsuc như lày,1
Dcmm làm phò còn thich yang hồ :)),1
ĐĐược  vl,1
Đề nghị add up link fb lên để chúng tôi còn vài chửi :))),0
Đề nghị beatvn cầm đầu 500 ae đi đá phò theo đúng nghĩa đen,1
Đề nghị Chính Phủ mỗi năm đều tổ chức lễ trao giải thưởng cho phò : )),1
Đề nghị thiến koo thằng chồng! Yeee,0
Đề tài về Phò.. Kể bgiờ cho hết.,1
"Để yêu, not cưới :))",0
Đến cả tên Jonathan galadi gì gì đó. Việt Nam k sợ. Huống hồ mấy con four,1
Đến chịu,0
Đến khi bị đập lại than van này kia. Haizzz,0
Đến lúc hết tiền chơi thì cũng bái bai no ơ gên mà cứ tinh vi sờ ti con lợn :)))),0
Đéo còn gì để nói  ,1
Đeo fai a hùng voi lũ phò l này bẩn mồm . Dm đến tận ổ nhet l vào mom con chó day r cho chúng no cút . ,1
Đéo hiểu kiểu gì 🤦,1
"Đéo hiểu kiểu gì,giờ là 2020 rồi.Vẫn còn kha khá thành phần coi bay lắc các kiểu là ăn chơi. Nhìn lũ bay lắc nó cứ bẩn bẩn quê vl,mà k biết bọn nó có biết là những người k chơi họ nhìn những "" dân chơi"" bằng 1 ánh mắt ghẻ lạnh k.☹️",1
"Đéo hiểu kiểu gì,nghĩ khổ thân.rách hết cả lol đẻ nó ra để nó đi làm phò 😩😩",1
Đéo hiểu. Đàn ông hay đàn bà hư thôi đừng hỏng là ok. Chứ ngoan cũng bị chửi mà hư hỏng cũng bị chửi,1
Đéo nghe cave kể chuyện. Các cụ dạy cấm có sai ,1
Đĩ cũng có đĩ yêu nước nhưng trong trường hợp này thì là nứng lone ban mai =)),1
Đĩ củng có đĩ yêu nước.,1
Đi nc vs 4 là ngu rồi ,0
"Định hướng của bọn này là "" ngoan là đần"" à :|",0
Đình Khánh chơi đồ ik cho sống với nhau lâu lâu xíu =))))))))),0
đỉnh quá Beat ơiiii,0
Định vào rủ đi chơi đồ hàng trở về tuổi thơ mà em nó khoá cmn fb rồi,0
"Định vừa ăn cướp vừa la làng à , tao lại vả cho mấy phát ",0
Diss 🤦‍♀️,1
Ditme con phò này lắm nữa ,1
dkm thời đại phò lắc dạo lên ngôi ..)),1
Đm cái xh này sản sinh nhiều loại khốn nạn lắm 😠😠😠,1
Dm chịu đấy,1
Đm chưa kịp chửi cho con phò banh lol sáng mắt ra thù n đã khoá cmn fb vào rồi.đm con lol thôi rẻ rách ,1
Đm con phò non ra cái vẻ chuyên nghiệp ... đm gặp thằng nào nó ngáo nó cho cân tỏi vào mõm lại hết cả sướng... đm bọn này đéo có nói nhiều ... gặp là táng ,1
Dm con tuesday này,1
"Đm do bạn vk ko chơi đồ đấy, phải chơi đồ vào ck mới mê, lời a bảnh đã nói chỉ có đúng =))))) vcl tập chơi đồ bay lắc các kiểu =)))",1
Dm giờ Phò nó lên hẳn tầm cao mới rồi hả? Hoang mang vl. ,1
Đm kiểu này thì chịu hẳn 🙄,1
Đm lại cái ổ cũ :)))),1
"Dm lớn cái đ đi học đã đi làm phò .
""Xong"" , song là cái đb gì . 
Mồm trên tiếng nói chưa rõ  thì mồm dưới đã biết mở rộng đòi C H I M",1
"Dm mấy cái thằng ngàn năm văn vở nhưng sống như loằn , sợ gê😜",1
Đm mọi người đừng chọc e nó nữa. Để tôi check in e ló,1
Dm nó nói đúng còn j phò có nhiều giá chứ có phải chung 1 giá đâu,1
Đm phò cũng có phò this phò that :))),1
Đm phò sai chính tả là k được rồi :)))),1
"Đm sao cứ phải đi cướp giựt nhỉ???
Tao đây ko có vợ nè mà đéo ai thèm giành tao là sao :)",1
"Đm thằng Kiên này, làm bẩn cái tên đẹp đẽ của chồng tao =))",1
Đm truyền nhân của chị ly phò hàng buồm đây rồi,1
Đm và tao đã phóng sinh xong thằng chồng ml,1
Đm vk ngon xinh gái ngoan thế mà thằng lol đấy lại thích gái hư for fak cơ đến chịu ... đm con for kia lại còn nghiện bay lắc cơ :v,1
"Đm! Nổ địa chỉ, freeship tận nơi cho thằng ck đấy. Ngưu tầm ngưu, mã tầm mã. ",1
Đm..cho rụng ngô luôn,1
"Đmm cứ quả déo nhiều vào, có ngày gãy cụ mày xương chậu 😌 dẻo quá lại thành quá cố thì chớ kể, t mà biết info của m thì t lại dí bòi vào ngay 😌",1
Đỗ Diệu Linh dm chuối chưa này =))),0
Dở rồi,1
Đỗ Thị Thanh Tâm Thu Nguyễn đm cười vl,0
Đô tức ghê hay lên tấn công đi:)))),0
"Đọc đến đoạn nó bảo 4' cx có giá trị của 4' mà t cười k k chịu đc , ngáo thế kb ",0
Đọc mà tức vcl,1
Đọc phốt phò hạ long lại tưởng em Nga nhà mình 😞 ,1
Đọc trên mạng nhiều rồi cũng có ngày gặp như này ở ngoài đời. Thấy thú zị mấy tuần zời 😌,0
Đồng Bá An tuesday dạy đời =)))),0
"Đù 33t chưa vk chưa ng ju,thì vô tình nói chuyện đc mấy bà chị ngoài xh dạy bgio muốn tán gái là ""Con Trai Mà Ko Hư Ko Biết Ăn Chơi "" thì "" Gái Nó Ko Yêu -Ko Thích Đâu "" đậu xanh rau má,bố mẹ sinh ra ko biết ăn chơi chỉ biết ăn uống thôi,ko hiền mà cũng ko thể hư được,cớ sao lại con gái phải bảo con trai bgio phải đểu phải hư ai giải thích hộ cái hoang mang quá 
rút cuộc là ntn xh loạn hết cả rồi đường tìm đến nhà gái bây giờ ở đâu,chỗ ăn chơi xa đọa hay là ở nhà ngoan hiền 😲 😧,chắc ế thâm niên 
Tôi mong tìm đc vk ngoan hiền ko đc 
Ông có mà ko biết giữ đi tìm gái hư để yêu,chán thanh niên",0
Đưa ảnh con four lên đây chúng tôi xem mặt ngang mũi dọc cái nào. Thể loại quái thai ngâm giấm. Một con four yêu nghề và tự hào nghề nghiệp ghê gớm ,1
Đùa chứ.cái loại phò như này phải đập vỡ alo nó.còn những cái thằng k ra gì thì bỏ bản thân càng nhàn,1
Đức Nguyễn Mai e phải đi học lắc lư ko là chết dở ,0
"Đức Quyết ô đuỵt, hạ long này ",0
Đức Vượng vụ này xã mình à mà sao t nhìn giống thằng con nhà khiển hạt thế,0
"Đừng đánh ghen với phò. Thay vì chửi phò, chửi chồng mới đúng.",1
Đúng là ko nên nghe cave kể chuyện ko nghe nghiện trình bày. Con này đc cả hai,1
"Đúng là xã hội , loại người gì cũng có :)))",0
Dươg Títt ,0
Duy Giáp hítttttt đi,0
Duy Hoàng Sơn Tùng sợ ko. Ma túy đấy ,0
Duy Khánh :))),0
Duy Thiều thế có lắc lư k? ,0
Duyên Thị Mỹ Trần t vãn cay dụ con mẹ tiểu tam u50 lò qué bà già đó đã già r biết nta có gd vợ con r vẫn quen thói đời giờ phò có tiền là đè đầu cỡi cổ chánh thất nhắn tin khiêu khích chê chánh thất thấy mà ứa gan muốn diệt chủng,1
E này mới lớn cũng đi rình mò trai già nè,0
Em có bán đồ phụ tùng đây hỏi four xem kinh nghiệm mà giật chồng tn,1
Em có nói vài câu mà bị chị chặn 😭😭😭😭,0
Em n khoá fb r còn đâu các ông,0
Em tên Linh ư ,0
"Em xin đính chính lại là em và thằng Ck bỏ nhau từ lúc e chửa 6 tháng rồi nhưng hết lần nagy đến lần khác mấy con pho nó nt dọa em bảo em không được đăng gì.Lần này em không chịu được nữa nên em có nt cho thg Ck cũ của em là buông tha cho mẹ con em bảo chúng nó đừng làm phiền em nữa.Nhưng chúng nó bênh nhau nói em,em không rảnh nt với con này nhưng nó ngáo cứ nhắn cho em liên tục lên em phải trả lời.Về thằng Ck cũ của em thì khỏi nói e chưa đẻ thì nó rủa mẹ con em,lúc em đẻ thì nó vác kiếm đi dạo.Giờ con em là con gái nên nó cả gđ nó không ngó ngàng gì.em muốn yên ổn nuôi con không cần đến nó và gđ nó nhưng cno cứ khủng bố tinh thần em",1
"Éo hiểu thế giới này kiểu gì đã đi yêu vs lấy phải thằng chồng ko ra gì rồi lại gặp con 4' có vấn đề về nhận thức nữa, sợ v l",1
Eo ôi thời đại 4 dạy vợ làm 4 sợ quá mọi người ơi :(((( trả đĩa bay tao về với hành tinh tao đây đ dám ở trái đất nữa đâuu :(((((,0
Fan barca đã xem tin,0
Fb tk rẻ rách ý đây ae nhé chửi chết mẹ nó đi giúp e với :3,1
For mà k ngoan là dở rồi 🤦‍♂️,0
Four có bằng cấp ,1
Four có liêm xỉ của ngành à🤜🏻,1
Four cũng biết ảo tưởng sức mạnh thì đồ ngon quá r :(,1
Four như này là hỏng rồi ,1
Gặp mấy cái trường hợp này thôi thì tao vác cả thằng chồng đến biếu chứ hơi cc đâu mà cãi nhau với mấy thứ Tuesday .,1
Giá cả như nào đéo thấy nói mục quan trọng nhất,1
Giá trị của phò là 300k chọn tẹt ga nhé.,1
Giá trị của phò tính bằng số lần đi khách à??? Tao đéo nghe phò kể chuyện bgio ,1
"Giá trị đạo đức xuống cấp, phò lên ngôi.
Thật sự rất tâm đắc câu “Phụ nữ đánh phấn, không đánh ghen” 
Nhưng trường hợp bố láo như thế này thì chị mày sẵn sàng vã chết cụ nhà mày, nhé! ",1
Giang Hoang :)),0
Giờ các a đéo thèm gái ngoan đâu nên thôi e ngoan e cũng đéo cần các a,1
giờ các bé lắc nhiều ngáo lắm r.:)),0
Giờ còn mốt four lên ngôi nữa à,1
giờ cứ phải biết chơi đồ mới mãi bên nhau được ấy ạ :( ,0
Giờ gái ngoan như t đã lỗi thời thế cơ à ,0
giờ tao mới bik chơi đồ là cuốn hút đấy :)))) ,0
Giới Vũ phải biết chơi đồ à ))),0
Giống nhau cả thôi,0
Giọng phò gặp văn nghiện :)) eo ơi hợp nhau thật đấy. Đm ,1
"Gớm, linh nhưng mà là linh hồn. Tởm vcc",1
H thấy làm phò xong tích đủ tiền về quê mở quán bán hàng làm doanh nhân thành đạt hoặc rửa tiền bằng việc bán hàng online :))),1
Hà Đinh t vs m đ biết gì là dở rồi. ,0
Hà Giang Hy :))),0
"Hà My kìa, nói My hay sao kìa :))",0
Ha Phuong tát chết mịe con phò non,1
Ha Tang Thanh,0
"Hà Tầu đấy , bảo c gái là k biết chơi đồ thì là dở r ",0
Hà Trần,0
Haaa Đạt Ốc chơi đồ đi,0
Hahaa. Thích gái hư ko :))) Tung Lee,0
Hải Ngô chơi đồ là dở r anh ê Ngô Quang Long,0
hài vl,1
"HảiLinh Đoàn vào đọc e ơi, thời buổi four huyền lên ngôi",1
Hạnh Bông Lê Liên Hà Quách Yêu Tinh Tiểu trái đất thật đáng sợ,0
Hạnh Lại Hiền Nguyễn tập hư tập lắc lư không chị em ơi?? ,0
Hay cho câu chơi đồ sớm nở chiều tàn 😔😔😔 .. chị ấy nói đúng mới hay chứ nị 😑,0
Hay cho câu...giữ sức mà đi làm =)),0
Hãy làm 1 con phò có danh dự còn hơn làm tuesday vô liêm sỉ..,1
Hay lắm cô gái.,0
"Híc =)) gu của ae mặn nhỉ, TG này đảo lộn thật sự",0
Hiền Vương đm,1
Hít hà tí drama đi Huyền Nghiêm,0
"Hjx đăng lên mà ko có info con phò để vào khẩu nghiệp thì thiếu sót quá . Cái loại này phải cho thấy mặt mũi , để ra đường mỗi người nhổ cho bãi nước bọt vào mặt mới hả",1
Ho Thi Anh clm :)) 1m vuông 20 con phò ?,1
Hoang Huyen My eo ơi ,0
Hoàng Luyện đọc tn đi a haha chất ,0
Hoang Tra đọc đi để biết giá trị của 1 con phò =)))),1
Hoàng Tùng lak cung bac si Hai?,0
Hoàng Văn Đông Đã lăng nhăng trăng hoa tốt nhất đừng lấy vợ ..tui nói trc là a nthe tui k cần a pải cưới tui hay chịu trách nhiệm đâu nha ..lăng nhăng trc sau bt tui cx bỏ  tui ở vậy nuôi con còn sướng hơn 👍🏻🤷🏻‍♀️,0
Hội chơi quan tài quan ngại sâu sắc về vấn đề này,0
"Hỏi ngu phát: ""Phò Tuesday là phò loz gì chúng mày?""",1
Hôm nay là thứ bẩy 🤓🤓,0
Hóng info con linh phò,1
Hồng Kông đọc cho đỡ buồn ,0
Hóng nhẹ,0
Hồng Vân ơ chủ tịch hội diệt 4f chưa like ak 🤷,0
Hóng video chị vợ cùng hội bạn vả sấp ml con four này,1
"https://shopee.vn/product/136553009/2055848320?smtt=0.0.9

CHỈ 36K/ gói 2 miếng

▶ Chuyên sỉ miếng dán trắng răng CREST",0
"https://www.facebook.com/bibi.son.921 
Link phò đây các bạn",1
"https://www.facebook.com/bibi.son.921
Link fb con four cho ai cần👎🏻",1
Hưng Kim Lưu đàn ông không thích gái ngoan.và phải chơi đồ mới cuốn được nhau à. Haha. Giờ mới biết,0
Hùng Lê đọc tấy,0
Huy Hoàng chơi đồ là chơi gì hả a,0
Huy Tùng Nguyễn có cần đi học lắc lư k ,0
Huyền Trang con này đấy mọi người ạ 😌,0
Huyen Trang Quỳnh Quỳnh mày tag con linh vào đây thanh niên nghiện đồ,0
Huỳnh Thu Chè hahaa :)))),0
If của l kia đâu mn,0
Jay Patron bảo sao ngày xưa quấn nhau thế :)))),0
K cho cái fb nó lên cho sáng luôn,0
"K nói nhiều, thế này cho nó vuông 😅",0
Kết câu cuối:)),0
Khánh Hiền rân chơi phải biết chơi đồ thấy ko,0
Khánh Huyền pkò saj trính tã là dỡ rỗi :(( ,1
Khi các em lợn lên ngôi 🤪,0
Khi nào có clip đánh con Phò ney update nhanh nhanh nhé Beat ,1
Khi sai chính tả thì mọi lập luận đều là đồ bỏ thôi ha ha 4' này chắc k đc cấp bằng đh rồi,0
Khiếp hồnnn Diệu Linh,0
"Khiếp, bảo sao mình vẫn cô đơn, hoá ra do mình ngoan quá =)))))",0
Khổ lắm.1m2 đất hàng chục con phò rình rập bảo sao e k dám yêu đương và lấy ck nữa🥴,0
Khoá mẹ fb rồi :)),0
"không ""song"" cái con cax",1
Không nói nhiều mấy bác ạ ,0
Khưu Gia Kiệt,0
Kiên Alexx  thấy có tên m kìa :))),0
Kiên ơi là Kiên.,0
Kiếp này bỏ,0
Kiểu nói chuyện một con phò có danh dự á =))))),1
"Kiểu phều này chúng tôi sống 30 năm chưa từng thấy qua, phải tôi tôi đấm cho mấy nhát ",0
Kiều Trinh drama qua giờ đọc chưa =))) ,0
Kin Stitch  huhu phò có giá đấy nhé,1
"Kinh nghiệm xương máu của mình là đừng tốn hơi đi nói chuyện với phò của chồng làm gì. Bọn nó ở tầm nhận thức và được giáo dục khác hoàn toàn với những người vợ đúng nghĩa. Thằng chồng mới là thằng cần phải giải quyết. Buông, bỏ hay tiêp tục thì cũng cố gắng sống  tốt nhất có thể.",0
Kinh tởm. ,0
Ko nghe cave kể chuyện mà . Tiếp chuyện với loại nó làm j hóa mình = nó ah,1
"Ko nghe phò  kể chuyện
Ko nghe nghiện trình bày 
Mà ông a kia lại còn thích là dở r",1
Kòy Thắng biết chơi đồ ms giữ đc chồng 🙄,0
L nó ngày mở mắt bao nhiêu lần mà #Beat nói chưa mở 🙀🙀,0
Là do thằng ck não lone của nó mà 🙄,1
Lắc ít thôi không thoát vị đĩa đệm chết mẹ mày. Tổ sư bố =))),1
lắc lư theo nhịp con tim 🧐,0
lại cong biết chơi đồ thì hỏng r,0
Lại học câu đĩ cũng có đĩ yêu nước à :),1
"Lại là Linh à, nghe Linh 4` nói mà gớt nước mắt 🙃",0
Lại Minh Ánh lắc lắc =)),0
Làm 4\ mà thích văn vở vl :) ,1
Làm 4` mà không yên phận là dở rồi =)),0
Lâm Đại Trần đếyy phải biết chơi đồ nhé :)),0
Làm phò cũng phải có duyên chứ bộ.ngày nó đ** chục thằng mà vẫn ok.vì thế nên chúng ta hãy tôn trọng phò .chỉ trách cái thằng ck mình nó ko ra gì thôi.,1
Lan Anh bạn có ngoan k nhỉ 🤔,0
Lan Anh Do sớm nở chiều tàn,0
Lâu k cào phím đang định cào thì n khoá fb rồi :((,0
Lâu r mới thấy beat đăng bài cmn cục súc như này  ,1
Lấy chồng làm gì tầm nữa ,0
Lê Anh Dolce :)) bỉm sữa chào ,0
"Lê Huyền Trang Hãy sống thật như a ck, hẳn là nghĩ j nói đấy ",0
Le Minh Tuan về  ntin chửi cả nhà con 4` th lo`n này nhé,1
Lê Quốc Phương thích gái ngoan hay gái hư 😅,0
Lê Thuý chúng ta nên tag nhau vào những bài như này chứ chị nhỉ ,0
lên cả đây lun:)) con kia khoá fb r còn đâu:)),0
Linh bay :))) nge vkl e,1
Linh cũng có linh this linh that chứ cái con linh này làm mất mặt tên Linh vl ,1
Linh đã chết. À nhầm link facebook con 4 đã chết,1
Linh Four khoá fb rồi à 😀 Đéo mẹ mày bẩn cả cái tên tao  ,1
Linh làm phò 🥺,1
"Link của con phò đâuuuuu
Xin link các pro",1
Link đâu ạ,0
Link fb nó đâu ạ,0
Linkkkk,0
"Loại cặn bã của xã hội,sống dưới tầng lớp đê hèn nhất.",1
Loại chó má,1
loại four này phải giết ó,1
"Loại này bỏ ít tiền, ko thì gọi ae đến táng cho 1 trận. Ko phải t mê đánh lộn đâu, ck t mà ngoại tình t có thể li dị ngay trong vòng 1 nốt nhạc. Nhưng t muốn cho cái loại cướp ck ng khác biết, cái j cướp dc cái j k? Ở đời ko ai cho ko ai cái j. Lấy dc ck t thì cũng nằm sàn hộ t đã",0
Loại này nói làm gì chỉ tốn nước bọt ,0
Loại này phải vã cho k trượt phát nào ,0
loại này phải xát ớt vào  tất cả các lỗ của nó nó mới biết điều ,1
"lọai phò đầu buồi rẻ rách phá họai hạnh phúc gia đình người ta, thứ nunglonmongmanh, lọai này cho tao thì tao cũng dí b* vào ",1
Loan Kutis phải biết chơi đồ nhé chị ơi 💃💃💃 ,0
Loạn🤨🤨🤨,0
Lỗi là của ông ck thôi -)),0
Lôi ra đánh chết con mẹ nó đi.,1
Loli Chan eiiii four này là four this hay four that ta,1
Luật nhân quả không chừa một ai. Chỉ là đến sớm hay muộn mà thôi =))) tôi đang sống ở cái thời đại lol gì thế này???,1
Lưn có biết rên ko. Nếu rên mới là Four chính hiệu,1
Ly Nguyễn hít chung drama,0
M tìm t fb con phò này để t vào việc nó Trần Minh Tuấn,1
"Mà cãi nhau với cái loại này làm gì, ko cùng đẳng cấp.",0
Mai H. Dang Vu Thu Phương bọn mình chả bik chơi gì 😞 các b xem tnao chứ bọn mình toàn rủ nhau đi ăn gà với sườn ăn như lon ấy ,1
Mai HươngNgọc Bích mấy hôm nay ngày nào cũng lướt thấy tin tuesday =))),0
Mai Mai nghiện là dở rồi :)),0
Mày chưa được ăn tỏi nên chưa biết mùi “đời”. Chúc mày nhanh ăn toải,0
Mấy con lone,1
Mấy con phò này nó hay kiểu tin vào tình cảm bản thân các thứ 😅😅😅. Nhưng trong thâm tâm là nó nghĩ đến cái túi tiền của thằng kia thôi ,1
mấy con phò này nói với nó chỉ tốn lời thôi...cứ phải giã,1
"mấy loại này là phải giã luôn,chứ nói nó k thông minh lên đk.",0
Mây Vũ vcđ này :)),1
Mẹ nó khoá fb r -.-,0
Mi Vân con ml tâm hồn nhà thổ,1
Minh An Thường tín đấy ,0
Minh Anh Títt chơi đồ đi,0
Minh Kiên kiên ơi kiên à ,0
Minh Nhí đọc bcc vãi,1
Minh Phú ghê hôg ghê hôg 😌,0
Miu Hằng Thường Tín em ei. Hóng đuê,0
Mời các cậu qua nick mình tham khảo phụ kiện trang sức titan nhó 🥰,0
Một con đàn bà thích chơi đồ thì đ khác gì một món đồ chơi,0
Một con đỉ yêu nghề ??? ,1
Mưa thì mưa mẹ luôn đi sấm chớp làm gì :)),1
Muối Cô nè v,0
Muốn không bị con tuesday nó khinh và ck quấn quýt nó thì chịu khó vào nhà em mua đồ ngủ tiện e tư vấn luôn cho vài tuyệt chiêu nhé :)))),0
Muốn vả con phò này vkl,1
Não có vấn đề rồi 😞,0
Nát thế mà cứ tưởng là hay ,0
Ng ko lấy lấy thằng dẻ rách lo 😀,1
Nga Chun Hia chắc c phải đi học lắc lư :))),0
Nga Lý đỡ đi,0
Ngân Hà học lắc chưa,0
Ngân Ngân chơi đồ giai mới yêu nghe hôn :))),0
"Ngày trước tuesday nt cho tao nhiều và chửi tao là loại đàn bà không biết ghen, tao chỉ bảo có ai đi ghen với đĩ bao giờ. Vậy là nó ko nt nữa. Buồn 😌",1
"Ngày xưa mình cũng không tin mấy chuyện này đâu, cứ nghĩ nó là dàn dựng. Nhưng trải qua rồi mới thấy nó là điều trong xã hội có, và đã xảy ra thật. ",0
Nghe con phò nó nói có vẻ tự hào ,1
"Nghe khá nhiều vụ ck ngoại tình lạ vớ đc câu ns bất hủ ""Ck đi ngoại tình là do vk thế này thế kia"" , xàm l*n nó vừa thôi,do cái tính lăng nhăng của thằng ck, chứ do đéo ai, chó k bỏ đc thói ăn c*t thôi",1
Nghiện là dở r,0
Nghiện là dở rồi,0
"Nghiện là dở rồi.
Bỏ đi mà làm người",0
nghiện là hỏng rồi,0
Nghiệp.,0
Ngọc Bích sau này đánh ghen cứ alo t t xử cho ,0
Ngọc Hiếu :)))) văn của mấy con phò nè,1
Ngoc Hong bạn có muốn học khóa ko ?,0
Ngọc Huyền không phải tuesday nào cũng có tâm như tớ đâu =)),0
Ngọc Kiên xa đoạ thế ông :)))),0
NgocHuyen Vu đã biết cách chơi đồ chưa ,0
"Ngồi nghe cave kể chuyện thì có mà hết ngày. Thời đại phò phạch, nghiện ngập lên ngôi. Noạn noạn hết cả rồi ",1
Ngừng lại đi,0
Nguyễn Bảo Ngọc công nhận em nó yêu nghề vs tự hào ghê,0
Nguyen Cuong gửi cho nó cái ảnh trong chat của ae đi )) đích thị dành cho n rồi )))),0
Nguyễn Diệu Hương học lắc lư k =))),0
Nguyễn Diệu Thùy Linh :)) cười vl ,1
Nguyễn Đình Chí đáng sợ ,0
Nguyễn Dũng  đéo hiểu kiểu gì :)),1
Nguyễn Dy Hiên An Pham đm lai khoá fb rồi nhanh vl,1
Nguyễn Huy Hoàng hay thế nhở,0
Nguyễn Huy Hoàng má đọc hài vl a à :))) ,1
Nguyễn Khánh Ly cười vl,1
Nguyễn Lan Phương bảo sao đéo có ai yêu =)))) ,0
Nguyễn Ngọc Dũng Duc Phuc Hải Nam chơi đồ à mà cuốn nhau thế,0
Nguyễn Ngọc Duyên vãi cả thanh niên ck ,1
Nguyễn Ngọc Lan hình như em mình cx thích đọc mấy khoản nàyy :)),0
Nguyễn Nữ Giang Lam Do Khanh Ngoc Phan Minh Hồng :))) “ phò cũng có giá trị của phò” các b ạ ,1
Nguyễn Te Linh Lai thường thường là thấy mấy bài kiểu này cô gái cục súc sẽ hay vào cmt =))))) nhưng nay k thấy nên tag lun,0
Nguyễn Thị Nhật Minh phò có giá trị của phò ,1
Nguyễn Thu Phương ôiiii xã hội bh nó loạn rồi ,0
Nguyễn Thu Phương từ khi nào mà tu ét đây dạy vợ nta cách giữ chồng yêu chồng thế nhà 😀,0
Nguyễn Thu Trang m đấy à. Chơi đồ ít thôi ,0
Nguyễn Tú Anhh nhớ vào cmt đọc bạn ạ ,0
"Nhân danh công lý
Hãy để tao bổ chết con đỹ mẹ nó",1
"Nhắn lại là bíu bìu nó có ngửi thấy mùi 🦋 chị ko? Mẹ c dạy c là fai biết chia sẻ đồ chơi cho những đứa thiếu thốn nhưng c c là cúng e luôn, loại đàn ô như này mà ở dc với e dăm năm thì chặt 🦋 chị đi, có khi dc 3.7.21 ngày e lại mọc thêm nh chục cái sừng ý, hihi và hihi😘😘😘",0
Nhật Lệ Phạm phải biết paylak chơi đồ nghe chưaaa,0
Nhật Minh chịu chết rồi :)),0
Nhi Uyên chịu zl :v ,0
"Nhìn chị vợ trả lời bất lực. 😢
•Công nhận ** con kia ăn nói nghe cũng líu lo vl. ",0
Nhỏ không học lớn lên làm phò :)),1
"Nhờ những thằng ck như này nên mới tạo điều kiện cho những con phò vênh váo hẳn lên, thoát được thằng ck như thế là tốt chị à, con cái để được nuôi dưỡng bởi người bố như thế cũng ko nên người được",1
NHoàng Dũng nó lại còn dạy ngược :)),0
Như kiểu dùng ma tuý là oai lắm v 😀,0
như này ah,0
Những tp phò nt này cho mẹ ra khỏi đầu. Nhọc l,1
ních,0
"Nó kêu: hi sinh đẻ con lj r ck nó cũng đi ngủ vs con khác, đéo bt sau nó lấy ck nó sinh con nó có nghĩ nó từng nói câu này k nhở",0
Nó là cái thứ gì đó chứ đ phải người. Vì là ng thì đ ai iq như nó . Phò giờ muốn làm cả giáo viên r,1
"Nó nói cũng đúng 1 ý, con gái cứ hy sinh đẻ đái cho sớm vào r ck nó lại chán nó đi con khác. Cứ hưởng thụ cuộc sống đã các chị êi, từ r hãy cưới ck sinh con :v",0
Nội Dung,0
"nói nhiều nhắn nhiều mỏi mồm mỏi tay, cho vài thằng đi giã cho trận cho câm nín, thách vs chả thức",1
ơ con này chơi đồ nhiều quá đâm ra ngáo à,1
Ớ duma nó khóa face rồi chị em ,1
Ơ k có ảnh của 4` là sao ạ,0
"Ơ mấy đứa như này chúng nó nghĩ chúng nó cướp được thằng đàn ông từ tay người khác là chúng nó giỏi hơn đời ấy  nhưng đời says No nha, ngay từ khi m cướp đc 1 thằng như thế thì nó đã là phế phẩm rồi 💁‍♀️",1
Ồ nếu đàn ông con trai thích mấy đứa này thì thoải mái đi tìm n về lm vợ đi :) mấy loại như vậy hợp nhau lắm :)))),0
Ơ nick con phò đâu ???,1
"ơ thế giờ muốn có ck và giữ đc ck là phải biết bay lắc à? ngoan thì nói đần, còn chơi như nó thì là dở người cmnr",0
"Ơ, nhưng mà t thích gái ngoan 😞",0
Oắn éo lắc lư cho lắm xong thoát vị đĩa đệm chết pà ,0
Óc chó óc cứt óc bã đậu,1
"Ối dồi ..dm lũ four .cho m là four cả đời đến lúc chết để mà giữ giá của four nha con
.Đàn bà hư thì đơn giản chứ làm cái méo gi phải dạy vs trả học.. căn bản là giữ dk phần con ngươi thôi. chúng tôi k đẻ con cho các a thì việc gì phải sồ xề bỉm sữa hôi hám người đâu, còn a thích gái hư á thì a chỉ việc kiếm tiền thích hư kiểu gì chúng tôi trả chơi được 😌",1
"Ôi giời may mắn cho cô vk qá, bỏ đc loại ck này thì nhẹ hết cả đũng quần rồi còn j.",0
Ôi phò mà làm như mẹ thiên hạ . Lol.. thiên hạ thỳ có 😤,1
"Ôi thằng này cũng là phò đực thôi. Cái loại đàn ông núp váy đàn bà thì chặt mẹ cu đi mà sống chứ để mà đi chơi phò đ thấy xấu hổ à. Đ biết vinh dự clg khi nhận là anh là 1 thằng ăn chơi. M thích ăn chơi,thích tự do thế sao còn lấy vợ hả thằng daubuoirerach? Mày đ an phận đc với gia đình của mình thì cũng phải biết điều sống an phận hãm lon của m tí chứ. Còn con phò kia ơii!! Mày làm phò m tự hào quá nhỉ, có người cũng ăn chơi mà đâu có làm phò như m. Cái loại chuyên đi cướp chồng phá hoại gia đình nhà người khác là thứ cặn bã của xã hội đ bao giờ ngóc đầu lên để đc xã hội đón nhận đó. Đúng là k làm thì chỉ có ăn đb, ăn cut mà. Chân tay lành lặn, đầu óc minh mẫn mà chỉ biết ở nhà buscu cho trai haha. Ôi tự hào quá!!!",1
Ôi vãi lìn thằng chồng :)) hận đàn ông ,1
Ối zòi ơi :)),0
Ok khoá dạy 4 nâng cao :)))),0
Ok. E sẽ tập hư tập lắc lư từ bi jo cho ck nó yêu ,0
Pay lak pay lak nó mới cuốn vào nhauuu  ,0
Paylak sớm nở chiều tàn. Cứ ngoan hiền thôi ce ơi. Tiện làm cái áo sơ mi cho hiền hẳn luôn này 😌,0
"Phải biết chơi đồ, phải biết uốn éo zai nó mới mê???? Vừa lấy chồng xong mà không biết làm những trò này cũng hơi sợ sợ Nguyễn Sinh Lâm",0
Phải t t đấm cho mấy nhát,0
Phải tao tao để nó dậy tao chơi đồ luôn =)))))) phê xong khéo bố m xiên chết cụ m ý. Nhờn,1
Phải tôi là tôi đấm cho mấy phát ,0
Phải tôi tôi đấm cho mấy phát,0
Phạm Minh Trang thì ra chơi đồ khiến ta trở nên cuốn hút 🤔🤔 thảo nào b cứ rủ tôi ,0
Phạm Ngọc Ánh vào từng ảnh đọc cmt,0
Phạm Thu Trang cái đissss mẹ,1
Phan Thi Hai Ly đọc vui cực -))),0
Phi Châu Đan đọc mà tức ,0
Phi đội của Beat tấn công rồi. Nhanh vãi ,1
Phò chơi đồ là không phải phò yêu nước rồi :3 ,1
Phò có phò this phò that :))) Thuy Chu,1
Phò của ck tao nó bảo 2020 còn vào fb bạn gái của ck đánh ghen ,1
"Phò cũng 5 7 loại, mà loại này thì nên chém chết cmnđ chứ để ra đường xổng ra là cắn càng ng khác, mồm thì ngậm b*** nhưng lúc đ nào cũng thích dạy đời thiên hạ. Nằm ngửa để kiếm tiền mà lên giọng thách thức ng có học, bảo sao số sinh ra làm phò là chuẩn",1
Phò cũng có cái giá của phò  cuoia,1
phò cũng có loại phò yêu nước nhé :)),1
Phò cũng có loại this loại that ! ,1
Phò cũng có phò this phò that,1
phò cũng có phò this phò that hả mn :))))))) chị vợ hiền quá :))),1
"Phò cũng có phò tiến sĩ,đĩ cũng có đĩ cử nhân =))))))",1
Phò cũng có phò yêu nước 😅😅,1
Phò đầy đường tốt nhất đéo lấy vợ 😌😌😌,1
Phò giá trị của phò  cười j,1
"Phò giờ ghê nhể, nh mà ngu lắm e ạ, đ.ô r 1 thời gian nó cũng chán mấy con ngửa lol ra lắm, phò như m thì tốt nhất nên phòng ngừa cho tốt, chứ loại nứng lol mong manh như m đ nên biết mùi làm mẹ mà tịt cmnl đi để k có thêm thế hệ nào như m. Tiếc cho bme m đẻ đau lol nuôi m phí tiền để sau đi ngửa lol vs zai, bãi cứt đấy c kia ỉa ra thì mới đến loại như mày liếm, nên phải cảm ơn vì c í vì bãi cứt này mà m tạm có cái no, còn sau thì chắc phải chờ bãi khác mà liếm e ạ",1
Pho giờ manh động nhỉ :)),1
Phò mà sai chính tả “Song” với “Xong” là dở rồii ,1
Phò mà tự hào là dở rồi,1
Phò nào mà gặp tao có lắc nữa cũng tắt cmn điện đi là vừa ,1
"Phò này đéo có kiến thức, phò nghiệp dư, đến chính tả còn sai. Đúng là con phò",1
Phò này hơi chất Nguyễn Hằng,1
"Phò này là phò chuyên đi giật chồg r, đm bọn đàn ông nó chỉ mê lếu lều chán thì cno bỏ chứ đéo thg nào lấy về làm vợ đâu phò mãi là phò mà thôi ",1
Phò này là phò this hay phò that :))),1
Phò này mở phường dạy bay lắc chơi đồ ở đâu để đăng kí khoá học online cho bớt ngoan k lại bị nói là đần đần 🤓🤓🤓. Ngoan bây giờ đang giận tím đầu nhé,1
"Phò này thất nghiệp sớm thôi, vì sai chính tả thì đâu có được cấp bằng Đại học như phò tri thức =)))",1
Phò như m tới chừng hết thời m già chắc còn thua cục cức🤞🏽,1
Phò nhưng tao có giá trị của phò nha,1
"Phò nói đúng mà vợ ko biết chơi đồ làm j có giá trị , phải như phò nó mới có giá chứ , mạnh dạn trả 100k /1 gậy , qua đêm thì 202k , à mà thôi con này chơi đồ với ăn dưa leo nhiều nên hạ 50k/1 gậy , qua đêm 151k",1
Phò sai chính tả là dở rồi ,1
Phò tầm này nó cũng giá cả phết nhỉ ,1
Phò tên LINH là dở r :)),1
"Phò thì vẫn là phò vẫn có giá chứ ?
Nó nói nó có giá là đúng rồi còn gì
Tôi xin đoán giá mặt hàng này giá 300k ",1
Phò trẩu,1
Phò...! Nghe mất danh dự vãi cứt :)) ,1
Phươgg Thảo  đẳng cấp quớ,0
Phương hết nhún nhẩy rồi bh lăk lư :)),0
"Phương Loli phải biết chơi đồ, biết lắc lư, biết ư ư thì mới có ny nha em😀",0
Phương Phương Phương chơi đồ nh ngáo mẹ rồi,1
Phuong Quynh Huynh=)))đúng là cái gì cx có thể xảy ra nhỉ:(,0
Phương Thuỷ Uyên Bé Bon Xinh học chơi đồ đi mới giữ đc chồng ,0
Pijama cộc lụa 40-60kg vừa 120,0
Quá đẳng cấp !!! ,0
Qua e xem đồ xinh nhe 🌺,0
Quách Đàm Minhh Anhh mai đi chơi đồ đi,0
Quan trọng là biết lắc lư  vl ạ . ,1
Quỳnh Như tập lắc lư đi kìa hâhhhahaha,0
Rất quan ngại những con four có giá trị four - four làm đ.é.o gì có giá trị gì... đến cái (|) còn mang ra để chài thì còn cái gì 😒🙃,1
Rất xin lỗi nhưng nếu bạn gái mà hỏi được giá trị của e kia nó là bao nhiêu thì Giúp Ích quá nhiều cho các ae đang ngày ngày và hàng giờ có những giây phút 1m hẩm hiu,0
"Rủ rê lôi kéo vào ban ngành luôn cơ ah ;))
Khá quá nhề ",0
sao đéo thấy thằng nào cmt t vô đọcj cái,1
"Sao k có link liếc hình ảnh mặt mũi gì để chị em thông não con phò , dấu hết mẹ thông tin rồi còn làm ăn gì nữa ",1
Sao k có tên nick? Có ai có link fb con phò này k cho em xin chút học hỏi kinh nghiệm lắc lư :))),0
sao k đấm cho mấy nhát,0
Sao k đưa mặt con phò với thằng chồng lên để anh em nhìn và nhận xét ,1
Sao không ai up đc cái bản mặt con Four này cho nổi bản nhỉ cho đời dạy lại nó cách sống với . 🥶🥶,1
Sao mày ngu thế hả con Four,1
Sao t thấy giọng văn cả chị vợ nt giống nhau như 1 người thế =)))),0
Síu Bánh Bao đọc cười cho vui ,0
Sợ hãi các thứ :(,0
Sợ hãi 💁‍♀️,0
Sơn Xì đọc cmt nhé,0
"Sống trên đời, bớt tạo nghiệp chút, để còn tích đức cho con cháu đời sau. Anh kia đã có thể bỏ vợ bỏ con, đã ký vào đơn đk kết hôn mà còn cỏ thể bỏ thì huống chi là một con Tues lại không thể. Lắc lư cho đẫy vào sau này mới thấy hệ luỵ của nó. Nhân quả thì không đến sớm thì muộn và giá trị của một con Four thì cũng chỉ là một con Four thôi k hơn k kém!",0
Sự hùng hồn của 1 nữ doanh nhân với 1 nghề chân chính nhưng lại rất cần các chân phụ,0
T ngoan ngoãn hiền lành lắm. Chân tay cũng yếu ớt cần 1 e tiu tiu để mạnh mẽ và hư tí ạ,0
Tầm này chắc vẫn chưa tan đồ :)) ngáo luôn,0
"Tặng bạn tu ét đây, đéo thân :)",1
tao bày tỏ quan ngại sâu sắc và cực lực phản đối hành động của con 4 này.,0
Tao đọc mà tao tức hộ á,0
Tao đọc mà tức á!!!,0
"Tao la con Phò chứ đâu pai con Bò .. 
Nên đừng nghe cave kể chuyện",1
Tao thấy nên chửi thằng chồng mới đúng :))) phò thì nó đã là phò r thằng chồng k muốn thì sao mà chơi phò đc,1
Tập hư tập lắc lư ,0
Tập hư tập lắc lư đi ,0
Tđn nào con 4\ này lại trùng tên với t. T ngoan ngoãn hiền lành thuỳ mị nết na như này cơ mà😭 k chịu đâuuuuuiiu,0
"Thằng chồng chê vợ đần nhưng lại đi cặp với con phò sai chính tả 😥😥😥
Các bạn nhớ nuôi quỹ đen nhỡ đâu sau chồng có cặp với con 3 con 4 nào thì còn thuê người đánh 😌😌😌 Phạm Hồng Xiêm Phạm Thu Thuỷ",1
thằng chồng thì dở r nhưng ai biết con vợ ntn :)))),0
Tháng này lương trừ 20k ủng hộ Quỹ vì sự phát triển của Phụ nữ và Trẻ em...,0
Tháng7 chưa đến mà nhiều thành phần ham~ lol đã hiện nhỉ ,1
Thanh Hiền Linh Khánh bảo em Mai dạy chơi đồ ngay và luôn ,0
Thanh Híp thấy chưa :))),0
Thành Long hoá ra là thế 🙃,0
Thành Long vcl 😞,1
Thanh Thanh chơi đồ đi b êi :))),0
Thanh Thuy 4 giờ hoá tinh hết rồi v nhờ,0
Thanh toán nhanh còn về :),0
Thanh Trang góc tu ét sờ đây :))),0
Thanh Tuyền p biết chơi đồ chứ đẻ đái ck k yêu đâu. Cầm sách vở qua phò dạy 😑,1
Thảo Phạm Huong Lan Nguyen điên hết dồiii :)))))),0
Thảo Uyên Lê Hạnh hóng drama mới nà,0
Thật sự khó nói,0
Thế  mới nói mấy c vk đi đánh ghen toàn dùng ớt cũng đúng. Vì nó xứng đáng,0
Thế Báchh em kbic chơi đồ anh có iu em ko z,0
"Thế đéo nào lại mọc lên con 4 này ở hạ long nhỉ.ô uế quá.xin lỗi chứ hạ long không có chỗ chứa nó nhé các ae
",0
Thế giới đảo ngược phò đánh ghen vợ chứ vợ đéo đánh ghen lại được phò :),1
Thế giới thật đáng sợ ,0
Thế ko ce nào kịp save ảnh bản mặt con loz kia ah??,1
Thế ko có link à ad 😅😅😅,0
Thế là dở rồi :))),0
Thế lày là dở rồi=))),0
Thế Long phò giờ phải là phò tri thức nhưng vẫn phải biết chơi đồ,1
Thế mà chị vợ ngu vl . Sao đéo đi chơi vs e nó rồi báo công an . Nhớ chụp lại tin nhắn nó gạ đi bay . Zíc quả tổ chức thì 7-15 năm hihihi chị vợ ngu vl,1
Thế này là hỏng rồi...người ta còn trẻ còn đẹp người ta đi bay lắc để làm bệ xả để tìm kiếm những con chim mới mà lại cứ gay gắt với người ta....chả biết thấu hiểu cho hoàn cảnh của 1 cái loncongcong zì cả....^^,1
thế thì kinh rôi=)),0
"Thg ck cũ của tao cũng có cả rổ. Có con nó cũng hỏi tao là k đáp ứng dc nhu cầu cho ck nên thg ck mới phải tìm đến nó. Tao chỉ nói đơn giản tao méo phải Four. Tao cũng chả chửi nhau n với con đó, chỉ khuyên nhẹ nhàng đi xn máu đi vì tg ck cũ nó hay cave gái gú lắm. Nên mấy năm rồi tao chỉ ở chung để lấy tiền của nó chứ k ngửa lol cho nó chơi. Tịt. Còn lại con nào thích lên làm c cả thì tao nhường. Mang về mà dọn lông lol cho nhau",1
Thi Gia Thảo Nguyễn hi?,0
"Thích nhất câu : “chơi đồ là dở rồi con. Sớm nở chiều tàn.”
Chuẩn lắm cô vợ ạh!",0
Thiên linh linh địa linh linh.tâm hồn linh có 2 cái đinh to thế kia ai chả mê :)) khối ông muốn dí b vào cho xem ,0
Thien Trinh Khuc bị mệt :))),0
"Thôi bỏ đc cái loại đàn ông ý là hp r c ơi! Mấy con rẻ rách này chấp làm gì bẩn tay bẩn mắt, cứ ngon ngẻ làm đẹp cho bản thân kiếm tiền nuôi con ai tốt thì yêu ",1
Thời buổi đĩ điếm lên ngôi ,1
Thời buổi này có vợ nào còn thèm thằng chồng này :))) em four` chả chịu cập nhật gì cả,1
Thời buổi phò lên ngôi ,1
"Thôi chị nghe Chi, Chi nói gì cũng không sai đượccc Linh Chi Liang =)))))))",0
Thôi cứ cho nó là nhất đi! Vì vốn dĩ nó cũng chỉ làm phò! Có dc làm ng vợ đâu mà,1
Thời đại làm phò còn sợ thiên hạ k biết mình làm phò.kể mà làm phò đóng thuế nghề cho nhà nước thì cũng ok đấy chứ. Ce đắt khách thế mà. ,1
"Thời đại mấy con phò, đĩ điếm lên ngôi dậy đời chính thất =)) Các cụ có câu : Gái đĩ già mồm quả không sai :)) ",1
Thời đại này phò nó dạy lại cả chính chuyên ý. Đéo cần nói nhiều. Chờ ngÀy nghiệp quật :)),1
"Thời nay four tưởng mình có giá lắm hay sao ấy nhỉ  Mịa đã ngu thì đừng kêu to, chơi đồ vào thì cuốn được vài tháng đến 1 năm thôi, sau đó là nội tạng bị huỷ, suy gan suy thận. Dzai thì liệt dương, gái thì viêm âm đạo với ung thư. Lúc bị rồi mới thấm thía :)))) ",1
"Thời này việc gì phải ý kiến,ghen tuông ,1 khi thích neck con mẹ luôn,vợ con đề huề ko thích thích l**lạ trả giá cái mất lớn hơn",0
Thôi thôi nhìn thấy sai chính tả là đã não hết cả mề rồi. Xin lỗiiiii ở đây chúng tôi ko làm thếeee,0
Thu Changg Vân Anh eo ơi t nhức đầu quá chúng m ạ ,0
Thu Hà Anh Enligh giống ai nhở ,0
Thu Huyền phò manh động vl,1
Thương Trang hết nước chấm lun mày,0
Thùy Linh kb chơi đồ là dở r =)),0
Thuỳ Linh xh này loạn rồi,0
Thuỳ Vân phò có giá trị đây này ,0
Tình yêu mai thuý là hỏng rồi,0
"Tổ cụ nó xô nước rửa chân mà nghĩ mình như thùng phân tưới ruộng, phân còn có tác dụng chứ mấy con đỉ cướp ck người tao nghĩ sống chật đất, bố mẹ nó thật bất hạnh.",1
Tối nhớ nghe nhạc sếp nha mọi người,0
Tôi xin mạnh dạn đoán bà vợ này làm nghề bán hàng online. Chứ trong xã hội này làm gì có người đạo đức đến mức phốt giấu tên con phò thế kia ,1
Trăm năm phò vẫn là phò  sang hơn một tí gọi là cave :))) ,1
Trăm năm phò vẫn là phò con này tiến bộ hơn rồi nó làm c4ve chứ phò gì nữa,1
Trăm năm phò vẫn là phò 🤷‍♀️,1
Trần Đại Nghĩa  câu chốt của chị vợ,0
Trần Thảo My Vân Annh phải nắc nư nghe chưaaaaa ,0
Trần Thuỳ Linh huhu m ơi thế giới này đáng sợ quá! ,0
Trang phải chơi đồ e ạ ,0
Trang Phạm quá loạn,0
Trang Quỳnh Đàm Thuỳ Minh Mai Kiều Phạm phải chơi đồ mới có ng y nha,0
Trang Tô phải biết chơi đồ mới có ny nhé c mình =)))),0
Triệu Lệ Dĩnh tứk,0
TRỊU cái xã hội,0
Trường hợp này có cho chúng tôi con đả cho thêm ấy :)) tổ sư bố nhà chị,0
Trường Xuân Cung ,0
Từ bao giờ mà mấy loại tuesday với làm phò nó cứ tự cao ấy nhờ My Em :),0
Tú Cẩm zooo,0
Từ chối hiểu ,0
Từ chối hiểu :)),0
Từ chối hiểu =)),0
Tư duy lệch lạc vl 😢 hỏng hết hình ảnh con ngh... Huy Pham Nguyễn Quang Mai Bui các a ạ,1
Tự hào mình là phò vl,1
"Tú Lương có thích vk chơi đồ k? Để vk còn tập hư, tập lắc lư nào",0
Tuk cái lồng ngực,0
Tùng Vũ giọng văn giống m lắm :)),0
Tưởng thế lz nào gáy căng nthe mà phải khoá fb. Chán :)),1
tưởng vậy mà hay à ,0
Uầy có gái ngoan yêu mà không trân trọng. Yêu đương gì mấy con bay lắc,0
ỦNG HỘ T3,0
Uốn éo lắc lư cho lắm sau thoát vị đĩa đệm nó lại bỏ ngay :)),0
Uy tín luôn :)),0
Uyen Hoang Ta ơ kìa =))))))))))))),0
Vả chết cụ con phò đi,1
Van Anh tuj đọc mà tuj tukkk,0
Vân Đỗ quen quen nhở ,0
"Vẫn không quên nhắc nhở , Chơi đồ là dở rồi ",0
Văn mấy con Phò buồn cười vlll,1
Van Trang Vu halo ,0
văn vở đúng mấy con dv =))),0
Vc,0
Vcl phò dạy làm người :))))))),1
"Vì loz đổ bát canh cua 
Vk con hai đứa vẫn thua cái loz",1
Vkl :)),1
Vkl phò mà cũng có giá trị thì đm mấy con phò chúng mày được nhận cúp doanh nhân 2020 rồi nhé con ml ,1
Vl đỉnh thật =))),1
vl giải quyết trên mạng 🤦‍♀️,1
vl phò thời nay căng hơn dây đàn =)) cái loại này mà bắt đc tao lại mèo méo meo mèo meo cho mấy phát =)),1
"Với mấy thể loại này tốt nhất nên giã, nói nó ko thấm được 😘 ",0
vong nhập r,0
Vũ Lý Hà Mymy vl :))),1
Vương Mai c mai đọc cái này này ,0
Vương Thuỳ Trinh Thu Thảo Trần vclin four lên ngôi 🤪,1
Xã hội h đáng sợ cá,0
Xã hội này tàn rồi,1
Xã hội thật đáng sợ,0
Xạo loz sẽ bị quạ bắt diều hâu tha ,1
Xát ớt vào lòn nó thôi chị ạ,1
xấu mặt dân thường tín quá :(  đúng con này cho đi bay lắc dạo thôi =))),0
xin cái link đi ae,0
Xin face để rụ đi dậy bay lak cái nào beat.,0
xin fb của e phò kia để thi thoảng rủ e ấy đi nấu cơm cái,1
Xin giá ạ??? =)),0
xin giá con phò đá chết mẹ nó,1
Xin info em linh ạ,0
Xin infor của bạn four..,1
"Xin phép ad và mọi người ạ. 
  Hôm 2/7 mình có đi trên đoạn đường từ cầu giấy đi cầu vượt sang Hoàng Hoa Thám sau đó đi ra ven Hồ Tây thì có đánh rơi 1 ví bên trong có bằng lái xe, 1 thẻ MB, 1 thẻ Techcombank mang tên Đặng Thị Mỹ , 1 giấy tờ xe mang tên Nguyễn Huy Lê ạ. ai biết thì liên hệ với m qua số 0971539616 . m xin cảm ơn và hậu tạ ạ",0
Xin phép mn ,0
Xin phép sút vào mồm nó ,1
Y như mấy con 4\ t biết ,0
Yên An dân chơi đây r,0
Yến Phạm học chơi đồ đi chiu,0
Yến Típ's  cứ thấy drama lại nghĩ đến ến ,0
Yêu đương lắm trò thế  ,0
